{"v":"5.5.7","meta":{"g":"LottieFiles AE 0.1.20","a":"","k":"","d":"","tc":""},"fr":60,"ip":0,"op":364,"w":512,"h":512,"nm":"Google G Dots","ddd":0,"assets":[{"id":"comp_0","layers":[{"ddd":0,"ind":2,"ty":4,"nm":"Layer 1","td":1,"sr":1,"ks":{"o":{"a":0,"k":100,"ix":11},"r":{"a":0,"k":0,"ix":10},"p":{"a":0,"k":[256,256,0],"ix":2},"a":{"a":0,"k":[0,0,0],"ix":1},"s":{"a":0,"k":[100,100,100],"ix":6}},"ao":0,"shapes":[{"ty":"gr","it":[{"ind":0,"ty":"sh","ix":1,"ks":{"a":0,"k":{"i":[[0,38.248],[1.48,8.41],[0,0],[0,0],[0,0],[13.262,-8.78],[0,0],[16.936,0],[9.981,29.758],[0,0],[-5.268,15.618],[-32.808,0],[-12.984,-12.385],[0,0],[31.237,-0.37],[21.348,-42.513],[-17.837,-35.533],[-47.549,0],[-20.84,19.223],[0,0]],"o":[[0,-8.549],[0,0],[0,0],[0,0],[-2.819,15.618],[0,0],[-11.269,7.651],[-32.808,0],[0,0],[-5.268,-15.618],[9.935,-29.805],[17.929,-0.278],[0,0],[-22.734,-21.348],[-47.549,0],[-17.837,35.533],[21.348,42.466],[33.917,0],[0,0],[23.784,-21.902]],"v":[[123.273,2.893],[121.101,-22.661],[2.484,-22.661],[2.484,25.766],[70.41,25.766],[45.273,63.98],[45.273,64.011],[2.53,75.995],[-68.077,24.102],[-68.123,24.102],[-68.123,-24.047],[2.484,-75.985],[50.726,-57.132],[86.63,-93.037],[2.484,-125.752],[-109.896,-56.439],[-109.896,56.495],[2.484,125.761],[85.844,95.402],[85.819,95.382]],"c":true},"ix":2},"nm":"Path 1","mn":"ADBE Vector Shape - Group","hd":false},{"ty":"fl","c":{"a":0,"k":[0.917647063732,0.262745112181,0.207843139768,1],"ix":4},"o":{"a":0,"k":100,"ix":5},"r":1,"bm":0,"nm":"Fill 1","mn":"ADBE Vector Graphic - Fill","hd":false},{"ty":"tr","p":{"a":0,"k":[0,0],"ix":2},"a":{"a":0,"k":[0,0],"ix":1},"s":{"a":0,"k":[100,100],"ix":3},"r":{"a":0,"k":0,"ix":6},"o":{"a":0,"k":100,"ix":7},"sk":{"a":0,"k":0,"ix":4},"sa":{"a":0,"k":0,"ix":5},"nm":"Transform"}],"nm":"Group 1","np":2,"cix":2,"bm":0,"ix":1,"mn":"ADBE Vector Group","hd":false}],"ip":0,"op":3868,"st":0,"bm":0},{"ddd":0,"ind":3,"ty":0,"nm":"C G 2","tt":1,"refId":"comp_1","sr":1,"ks":{"o":{"a":0,"k":100,"ix":11},"r":{"a":0,"k":0,"ix":10},"p":{"a":0,"k":[256,256,0],"ix":2},"a":{"a":0,"k":[256,256,0],"ix":1},"s":{"a":0,"k":[100,100,100],"ix":6}},"ao":0,"w":512,"h":512,"ip":0,"op":3868,"st":0,"bm":0},{"ddd":0,"ind":7,"ty":4,"nm":"G dash","sr":1,"ks":{"o":{"a":0,"k":100,"ix":11},"r":{"a":0,"k":0,"ix":10},"p":{"a":1,"k":[{"i":{"x":0.573,"y":1},"o":{"x":0.609,"y":0},"t":41,"s":[256,256,0],"to":[12.167,0,0],"ti":[-12.167,0,0]},{"t":66,"s":[329,256,0]}],"ix":2},"a":{"a":0,"k":[0,0,0],"ix":1},"s":{"a":1,"k":[{"i":{"x":[0.573,0.573,0.573],"y":[1,1,1]},"o":{"x":[0.609,0.609,0.609],"y":[0,0,0]},"t":41,"s":[100,100,100]},{"t":66,"s":[33,100,100]}],"ix":6}},"ao":0,"shapes":[{"ty":"gr","it":[{"ind":0,"ty":"sh","ix":1,"ks":{"a":0,"k":{"i":[[0,0],[0,0],[0,0],[0,0]],"o":[[0,0],[0,0],[0,0],[0,0]],"v":[[58,-23.828],[58.75,23],[-58.75,23],[-58.75,-23.828]],"c":true},"ix":2},"nm":"Path 1","mn":"ADBE Vector Shape - Group","hd":false},{"ty":"fl","c":{"a":0,"k":[0.258823529412,0.521568627451,0.956862804936,1],"ix":4},"o":{"a":0,"k":100,"ix":5},"r":1,"bm":0,"nm":"Fill 1","mn":"ADBE Vector Graphic - Fill","hd":false},{"ty":"tr","p":{"a":0,"k":[60.75,1],"ix":2},"a":{"a":0,"k":[0,0],"ix":1},"s":{"a":0,"k":[100,100],"ix":3},"r":{"a":0,"k":0,"ix":6},"o":{"a":0,"k":100,"ix":7},"sk":{"a":0,"k":0,"ix":4},"sa":{"a":0,"k":0,"ix":5},"nm":"Transform"}],"nm":"Rectangle 1","np":3,"cix":2,"bm":0,"ix":1,"mn":"ADBE Vector Group","hd":false}],"ip":0,"op":64,"st":0,"bm":0}]},{"id":"comp_1","layers":[{"ddd":0,"ind":1,"ty":4,"nm":"G Matte R","td":1,"sr":1,"ks":{"o":{"a":0,"k":100,"ix":11},"r":{"a":0,"k":0,"ix":10},"p":{"a":0,"k":[256.558,256.05,0],"ix":2},"a":{"a":0,"k":[0.558,0.05,0],"ix":1},"s":{"a":0,"k":[103,103,100],"ix":6}},"ao":0,"shapes":[{"ty":"gr","it":[{"ind":0,"ty":"sh","ix":1,"ks":{"a":0,"k":{"i":[[0.069,-49.401],[66.91,0],[0,54.999],[-54.862,-0.827]],"o":[[-0.08,57.41],[-54.868,0],[0,-50.468],[66.994,1.01]],"v":[[98.75,-0.344],[0.34,100.991],[-97.634,-0.652],[0.443,-100.88]],"c":true},"ix":2},"nm":"Path 1","mn":"ADBE Vector Shape - Group","hd":false},{"ty":"st","c":{"a":0,"k":[0.180392161012,0.192156866193,0.572549045086,1],"ix":3},"o":{"a":0,"k":100,"ix":4},"w":{"a":0,"k":55,"ix":5},"lc":1,"lj":1,"ml":10,"bm":0,"nm":"Stroke 1","mn":"ADBE Vector Graphic - Stroke","hd":false},{"ty":"tr","p":{"a":0,"k":[0,0],"ix":2},"a":{"a":0,"k":[0,0],"ix":1},"s":{"a":0,"k":[100,100],"ix":3},"r":{"a":0,"k":0,"ix":6},"o":{"a":0,"k":100,"ix":7},"sk":{"a":0,"k":0,"ix":4},"sa":{"a":0,"k":0,"ix":5},"nm":"Transform"}],"nm":"Group 1","np":2,"cix":2,"bm":0,"ix":1,"mn":"ADBE Vector Group","hd":false},{"ty":"tm","s":{"a":1,"k":[{"i":{"x":[0.573],"y":[1]},"o":{"x":[0.609],"y":[0]},"t":0,"s":[49]},{"t":61,"s":[81]}],"ix":1},"e":{"a":0,"k":79.77,"ix":2},"o":{"a":0,"k":30,"ix":3},"m":1,"ix":2,"nm":"Trim Paths 1","mn":"ADBE Vector Filter - Trim","hd":false}],"ip":0,"op":3868,"st":0,"bm":0},{"ddd":0,"ind":2,"ty":4,"nm":"G logo R","tt":1,"sr":1,"ks":{"o":{"a":0,"k":100,"ix":11},"r":{"a":0,"k":0,"ix":10},"p":{"a":0,"k":[256,256,0],"ix":2},"a":{"a":0,"k":[0,0,0],"ix":1},"s":{"a":0,"k":[100,100,100],"ix":6}},"ao":0,"shapes":[{"ty":"gr","it":[{"ind":0,"ty":"sh","ix":1,"ks":{"a":0,"k":{"i":[[-32.808,0],[-12.984,-12.385],[0,0],[31.237,-0.37],[21.348,-42.513],[0,0]],"o":[[17.929,-0.278],[0,0],[-22.734,-21.348],[-47.549,0],[0,0],[9.935,-29.805]],"v":[[2.484,-75.985],[50.726,-57.132],[86.63,-93.037],[2.484,-125.752],[-109.896,-56.439],[-68.123,-24.047]],"c":true},"ix":2},"nm":"Path 1","mn":"ADBE Vector Shape - Group","hd":false},{"ty":"fl","c":{"a":0,"k":[0.917647118662,0.262745098039,0.207843152214,1],"ix":4},"o":{"a":0,"k":100,"ix":5},"r":1,"bm":0,"nm":"Fill 1","mn":"ADBE Vector Graphic - Fill","hd":false},{"ty":"tr","p":{"a":0,"k":[0,0],"ix":2},"a":{"a":0,"k":[0,0],"ix":1},"s":{"a":0,"k":[100,100],"ix":3},"r":{"a":0,"k":0,"ix":6},"o":{"a":0,"k":100,"ix":7},"sk":{"a":0,"k":0,"ix":4},"sa":{"a":0,"k":0,"ix":5},"nm":"Transform"}],"nm":"Group 1","np":2,"cix":2,"bm":0,"ix":1,"mn":"ADBE Vector Group","hd":false},{"ty":"gr","it":[{"ind":0,"ty":"sh","ix":1,"ks":{"a":0,"k":{"i":[[0,0],[-5.268,15.618],[0,0],[0,0],[-17.837,-35.533]],"o":[[-5.268,-15.618],[0,0],[0,0],[-17.837,35.533],[0,0]],"v":[[-68.123,24.102],[-68.123,-24.047],[-68.123,-56.439],[-109.896,-56.439],[-109.896,56.495]],"c":true},"ix":2},"nm":"Path 1","mn":"ADBE Vector Shape - Group","hd":false},{"ty":"fl","c":{"a":0,"k":[0.917647118662,0.262745098039,0.207843152214,1],"ix":4},"o":{"a":0,"k":100,"ix":5},"r":1,"bm":0,"nm":"Fill 1","mn":"ADBE Vector Graphic - Fill","hd":false},{"ty":"tr","p":{"a":0,"k":[0,0],"ix":2},"a":{"a":0,"k":[0,0],"ix":1},"s":{"a":0,"k":[100,100],"ix":3},"r":{"a":0,"k":0,"ix":6},"o":{"a":0,"k":100,"ix":7},"sk":{"a":0,"k":0,"ix":4},"sa":{"a":0,"k":0,"ix":5},"nm":"Transform"}],"nm":"Group 2","np":2,"cix":2,"bm":0,"ix":2,"mn":"ADBE Vector Group","hd":false},{"ty":"gr","it":[{"ind":0,"ty":"sh","ix":1,"ks":{"a":0,"k":{"i":[[-47.549,0],[-20.84,19.223],[0,0],[16.959,0],[9.981,29.758],[0,0],[0,0]],"o":[[33.917,0],[0,0],[-11.275,7.67],[-32.808,0],[0,0],[0,0],[21.348,42.466]],"v":[[2.484,125.761],[85.844,95.402],[45.319,63.981],[2.53,75.995],[-68.077,24.102],[-109.896,24.102],[-109.896,56.495]],"c":true},"ix":2},"nm":"Path 1","mn":"ADBE Vector Shape - Group","hd":false},{"ty":"fl","c":{"a":0,"k":[0.917647118662,0.262745098039,0.207843152214,1],"ix":4},"o":{"a":0,"k":100,"ix":5},"r":1,"bm":0,"nm":"Fill 1","mn":"ADBE Vector Graphic - Fill","hd":false},{"ty":"tr","p":{"a":0,"k":[0,0],"ix":2},"a":{"a":0,"k":[0,0],"ix":1},"s":{"a":0,"k":[100,100],"ix":3},"r":{"a":0,"k":0,"ix":6},"o":{"a":0,"k":100,"ix":7},"sk":{"a":0,"k":0,"ix":4},"sa":{"a":0,"k":0,"ix":5},"nm":"Transform"}],"nm":"Group 3","np":2,"cix":2,"bm":0,"ix":3,"mn":"ADBE Vector Group","hd":false},{"ty":"gr","it":[{"ind":0,"ty":"sh","ix":1,"ks":{"a":0,"k":{"i":[[0,38.26],[1.48,8.41],[0,0],[0,0],[0,0],[13.262,-8.78],[0,0],[0,0]],"o":[[0,-8.549],[0,0],[0,0],[0,0],[-2.819,15.618],[0,0],[0,0],[23.797,-21.902]],"v":[[123.273,2.893],[121.101,-22.661],[2.484,-22.661],[2.484,25.766],[70.41,25.766],[45.273,63.981],[45.273,95.402],[85.798,95.402]],"c":true},"ix":2},"nm":"Path 1","mn":"ADBE Vector Shape - Group","hd":false},{"ty":"fl","c":{"a":0,"k":[0.917647118662,0.262745098039,0.207843152214,1],"ix":4},"o":{"a":0,"k":100,"ix":5},"r":1,"bm":0,"nm":"Fill 1","mn":"ADBE Vector Graphic - Fill","hd":false},{"ty":"tr","p":{"a":0,"k":[0,0],"ix":2},"a":{"a":0,"k":[0,0],"ix":1},"s":{"a":0,"k":[100,100],"ix":3},"r":{"a":0,"k":0,"ix":6},"o":{"a":0,"k":100,"ix":7},"sk":{"a":0,"k":0,"ix":4},"sa":{"a":0,"k":0,"ix":5},"nm":"Transform"}],"nm":"Group 4","np":2,"cix":2,"bm":0,"ix":4,"mn":"ADBE Vector Group","hd":false}],"ip":0,"op":3868,"st":0,"bm":0},{"ddd":0,"ind":3,"ty":4,"nm":"G Matte Y","td":1,"sr":1,"ks":{"o":{"a":0,"k":100,"ix":11},"r":{"a":0,"k":0,"ix":10},"p":{"a":0,"k":[256.558,256.05,0],"ix":2},"a":{"a":0,"k":[0.558,0.05,0],"ix":1},"s":{"a":0,"k":[103,103,100],"ix":6}},"ao":0,"shapes":[{"ty":"gr","it":[{"ind":0,"ty":"sh","ix":1,"ks":{"a":0,"k":{"i":[[0.069,-49.401],[21.843,-18.291],[28.188,0],[15.115,35.338],[0,14.469],[-5.622,12.573],[-40.128,-0.605]],"o":[[-0.046,33.224],[-15.901,13.315],[-40.433,0],[-5.396,-12.615],[0,-13.554],[15.313,-34.242],[66.994,1.01]],"v":[[98.75,-0.344],[66.318,79.88],[0.34,100.991],[-89.255,40.323],[-97.634,-0.652],[-88.895,-40.341],[0.443,-100.88]],"c":true},"ix":2},"nm":"Path 1","mn":"ADBE Vector Shape - Group","hd":false},{"ty":"st","c":{"a":0,"k":[0.180392161012,0.192156866193,0.572549045086,1],"ix":3},"o":{"a":0,"k":100,"ix":4},"w":{"a":0,"k":55,"ix":5},"lc":1,"lj":1,"ml":10,"bm":0,"nm":"Stroke 1","mn":"ADBE Vector Graphic - Stroke","hd":false},{"ty":"tr","p":{"a":0,"k":[0,0],"ix":2},"a":{"a":0,"k":[0,0],"ix":1},"s":{"a":0,"k":[100,100],"ix":3},"r":{"a":0,"k":0,"ix":6},"o":{"a":0,"k":100,"ix":7},"sk":{"a":0,"k":0,"ix":4},"sa":{"a":0,"k":0,"ix":5},"nm":"Transform"}],"nm":"Group 1","np":2,"cix":2,"bm":0,"ix":1,"mn":"ADBE Vector Group","hd":false},{"ty":"tm","s":{"a":0,"k":86.5,"ix":1},"e":{"a":1,"k":[{"i":{"x":[0.573],"y":[1]},"o":{"x":[0.609],"y":[0]},"t":22,"s":[35]},{"t":83,"s":[79]}],"ix":2},"o":{"a":0,"k":30,"ix":3},"m":1,"ix":2,"nm":"Trim Paths 1","mn":"ADBE Vector Filter - Trim","hd":false}],"ip":0,"op":3868,"st":0,"bm":0},{"ddd":0,"ind":4,"ty":4,"nm":"G logo Y","tt":1,"sr":1,"ks":{"o":{"a":0,"k":100,"ix":11},"r":{"a":0,"k":0,"ix":10},"p":{"a":0,"k":[256,256,0],"ix":2},"a":{"a":0,"k":[0,0,0],"ix":1},"s":{"a":0,"k":[100,100,100],"ix":6}},"ao":0,"shapes":[{"ty":"gr","it":[{"ind":0,"ty":"sh","ix":1,"ks":{"a":0,"k":{"i":[[-32.808,0],[-12.984,-12.385],[0,0],[31.237,-0.37],[21.348,-42.513],[0,0]],"o":[[17.929,-0.278],[0,0],[-22.734,-21.348],[-47.549,0],[0,0],[9.935,-29.805]],"v":[[2.484,-75.985],[50.726,-57.132],[86.63,-93.037],[2.484,-125.752],[-109.896,-56.439],[-68.123,-24.047]],"c":true},"ix":2},"nm":"Path 1","mn":"ADBE Vector Shape - Group","hd":false},{"ty":"fl","c":{"a":0,"k":[0.984313785329,0.737254901961,0.01568627451,1],"ix":4},"o":{"a":0,"k":100,"ix":5},"r":1,"bm":0,"nm":"Fill 1","mn":"ADBE Vector Graphic - Fill","hd":false},{"ty":"tr","p":{"a":0,"k":[0,0],"ix":2},"a":{"a":0,"k":[0,0],"ix":1},"s":{"a":0,"k":[100,100],"ix":3},"r":{"a":0,"k":0,"ix":6},"o":{"a":0,"k":100,"ix":7},"sk":{"a":0,"k":0,"ix":4},"sa":{"a":0,"k":0,"ix":5},"nm":"Transform"}],"nm":"Group 1","np":2,"cix":2,"bm":0,"ix":1,"mn":"ADBE Vector Group","hd":false},{"ty":"gr","it":[{"ind":0,"ty":"sh","ix":1,"ks":{"a":0,"k":{"i":[[0,0],[-5.268,15.618],[0,0],[0,0],[-17.837,-35.533]],"o":[[-5.268,-15.618],[0,0],[0,0],[-17.837,35.533],[0,0]],"v":[[-68.123,24.102],[-68.123,-24.047],[-68.123,-56.439],[-109.896,-56.439],[-109.896,56.495]],"c":true},"ix":2},"nm":"Path 1","mn":"ADBE Vector Shape - Group","hd":false},{"ty":"fl","c":{"a":0,"k":[0.984313785329,0.737254901961,0.01568627451,1],"ix":4},"o":{"a":0,"k":100,"ix":5},"r":1,"bm":0,"nm":"Fill 1","mn":"ADBE Vector Graphic - Fill","hd":false},{"ty":"tr","p":{"a":0,"k":[0,0],"ix":2},"a":{"a":0,"k":[0,0],"ix":1},"s":{"a":0,"k":[100,100],"ix":3},"r":{"a":0,"k":0,"ix":6},"o":{"a":0,"k":100,"ix":7},"sk":{"a":0,"k":0,"ix":4},"sa":{"a":0,"k":0,"ix":5},"nm":"Transform"}],"nm":"Group 2","np":2,"cix":2,"bm":0,"ix":2,"mn":"ADBE Vector Group","hd":false},{"ty":"gr","it":[{"ind":0,"ty":"sh","ix":1,"ks":{"a":0,"k":{"i":[[-47.549,0],[-20.84,19.223],[0,0],[16.959,0],[9.981,29.758],[0,0],[0,0]],"o":[[33.917,0],[0,0],[-11.275,7.67],[-32.808,0],[0,0],[0,0],[21.348,42.466]],"v":[[2.484,125.761],[85.844,95.402],[45.319,63.981],[2.53,75.995],[-68.077,24.102],[-109.896,24.102],[-109.896,56.495]],"c":true},"ix":2},"nm":"Path 1","mn":"ADBE Vector Shape - Group","hd":false},{"ty":"fl","c":{"a":0,"k":[0.984313785329,0.737254901961,0.01568627451,1],"ix":4},"o":{"a":0,"k":100,"ix":5},"r":1,"bm":0,"nm":"Fill 1","mn":"ADBE Vector Graphic - Fill","hd":false},{"ty":"tr","p":{"a":0,"k":[0,0],"ix":2},"a":{"a":0,"k":[0,0],"ix":1},"s":{"a":0,"k":[100,100],"ix":3},"r":{"a":0,"k":0,"ix":6},"o":{"a":0,"k":100,"ix":7},"sk":{"a":0,"k":0,"ix":4},"sa":{"a":0,"k":0,"ix":5},"nm":"Transform"}],"nm":"Group 3","np":2,"cix":2,"bm":0,"ix":3,"mn":"ADBE Vector Group","hd":false},{"ty":"gr","it":[{"ind":0,"ty":"sh","ix":1,"ks":{"a":0,"k":{"i":[[0,38.26],[1.48,8.41],[0,0],[0,0],[0,0],[13.262,-8.78],[0,0],[0,0]],"o":[[0,-8.549],[0,0],[0,0],[0,0],[-2.819,15.618],[0,0],[0,0],[23.797,-21.902]],"v":[[123.273,2.893],[121.101,-22.661],[2.484,-22.661],[2.484,25.766],[70.41,25.766],[45.273,63.981],[45.273,95.402],[85.798,95.402]],"c":true},"ix":2},"nm":"Path 1","mn":"ADBE Vector Shape - Group","hd":false},{"ty":"fl","c":{"a":0,"k":[0.984313785329,0.737254901961,0.01568627451,1],"ix":4},"o":{"a":0,"k":100,"ix":5},"r":1,"bm":0,"nm":"Fill 1","mn":"ADBE Vector Graphic - Fill","hd":false},{"ty":"tr","p":{"a":0,"k":[0,0],"ix":2},"a":{"a":0,"k":[0,0],"ix":1},"s":{"a":0,"k":[100,100],"ix":3},"r":{"a":0,"k":0,"ix":6},"o":{"a":0,"k":100,"ix":7},"sk":{"a":0,"k":0,"ix":4},"sa":{"a":0,"k":0,"ix":5},"nm":"Transform"}],"nm":"Group 4","np":2,"cix":2,"bm":0,"ix":4,"mn":"ADBE Vector Group","hd":false}],"ip":0,"op":3868,"st":0,"bm":0},{"ddd":0,"ind":5,"ty":4,"nm":"G Matte G","td":1,"sr":1,"ks":{"o":{"a":0,"k":100,"ix":11},"r":{"a":0,"k":0,"ix":10},"p":{"a":0,"k":[256.558,256.05,0],"ix":2},"a":{"a":0,"k":[0.558,0.05,0],"ix":1},"s":{"a":0,"k":[103,103,100],"ix":6}},"ao":0,"shapes":[{"ty":"gr","it":[{"ind":0,"ty":"sh","ix":1,"ks":{"a":0,"k":{"i":[[-0.08,57.41],[66.994,1.01],[0,-50.468],[-54.868,0]],"o":[[0.069,-49.401],[-54.862,-0.827],[0,54.999],[66.91,0]],"v":[[98.75,-0.344],[0.443,-100.88],[-97.634,-0.652],[0.34,100.991]],"c":true},"ix":2},"nm":"Path 1","mn":"ADBE Vector Shape - Group","hd":false},{"ty":"st","c":{"a":0,"k":[0.180392161012,0.192156866193,0.572549045086,1],"ix":3},"o":{"a":0,"k":100,"ix":4},"w":{"a":0,"k":55,"ix":5},"lc":1,"lj":1,"ml":10,"bm":0,"nm":"Stroke 1","mn":"ADBE Vector Graphic - Stroke","hd":false},{"ty":"tr","p":{"a":0,"k":[0,0],"ix":2},"a":{"a":0,"k":[0,0],"ix":1},"s":{"a":0,"k":[100,100],"ix":3},"r":{"a":0,"k":0,"ix":6},"o":{"a":0,"k":100,"ix":7},"sk":{"a":0,"k":0,"ix":4},"sa":{"a":0,"k":0,"ix":5},"nm":"Transform"}],"nm":"Group 1","np":2,"cix":2,"bm":0,"ix":1,"mn":"ADBE Vector Group","hd":false},{"ty":"tm","s":{"a":0,"k":0,"ix":1},"e":{"a":1,"k":[{"i":{"x":[0.573],"y":[1]},"o":{"x":[0.609],"y":[0]},"t":41,"s":[76]},{"t":102,"s":[1]}],"ix":2},"o":{"a":0,"k":30,"ix":3},"m":1,"ix":2,"nm":"Trim Paths 1","mn":"ADBE Vector Filter - Trim","hd":false}],"ip":0,"op":3868,"st":0,"bm":0},{"ddd":0,"ind":6,"ty":4,"nm":"G logo G","tt":1,"sr":1,"ks":{"o":{"a":0,"k":100,"ix":11},"r":{"a":0,"k":0,"ix":10},"p":{"a":0,"k":[256,256,0],"ix":2},"a":{"a":0,"k":[0,0,0],"ix":1},"s":{"a":0,"k":[100,100,100],"ix":6}},"ao":0,"shapes":[{"ty":"gr","it":[{"ind":0,"ty":"sh","ix":1,"ks":{"a":0,"k":{"i":[[-32.808,0],[-12.984,-12.385],[0,0],[31.237,-0.37],[21.348,-42.513],[0,0]],"o":[[17.929,-0.278],[0,0],[-22.734,-21.348],[-47.549,0],[0,0],[9.935,-29.805]],"v":[[2.484,-75.985],[50.726,-57.132],[86.63,-93.037],[2.484,-125.752],[-109.896,-56.439],[-68.123,-24.047]],"c":true},"ix":2},"nm":"Path 1","mn":"ADBE Vector Shape - Group","hd":false},{"ty":"fl","c":{"a":0,"k":[0.203921583587,0.658823529412,0.325490196078,1],"ix":4},"o":{"a":0,"k":100,"ix":5},"r":1,"bm":0,"nm":"Fill 1","mn":"ADBE Vector Graphic - Fill","hd":false},{"ty":"tr","p":{"a":0,"k":[0,0],"ix":2},"a":{"a":0,"k":[0,0],"ix":1},"s":{"a":0,"k":[100,100],"ix":3},"r":{"a":0,"k":0,"ix":6},"o":{"a":0,"k":100,"ix":7},"sk":{"a":0,"k":0,"ix":4},"sa":{"a":0,"k":0,"ix":5},"nm":"Transform"}],"nm":"Group 1","np":2,"cix":2,"bm":0,"ix":1,"mn":"ADBE Vector Group","hd":false},{"ty":"gr","it":[{"ind":0,"ty":"sh","ix":1,"ks":{"a":0,"k":{"i":[[0,0],[-5.268,15.618],[0,0],[0,0],[-17.837,-35.533]],"o":[[-5.268,-15.618],[0,0],[0,0],[-17.837,35.533],[0,0]],"v":[[-68.123,24.102],[-68.123,-24.047],[-68.123,-56.439],[-109.896,-56.439],[-109.896,56.495]],"c":true},"ix":2},"nm":"Path 1","mn":"ADBE Vector Shape - Group","hd":false},{"ty":"fl","c":{"a":0,"k":[0.203921583587,0.658823529412,0.325490196078,1],"ix":4},"o":{"a":0,"k":100,"ix":5},"r":1,"bm":0,"nm":"Fill 1","mn":"ADBE Vector Graphic - Fill","hd":false},{"ty":"tr","p":{"a":0,"k":[0,0],"ix":2},"a":{"a":0,"k":[0,0],"ix":1},"s":{"a":0,"k":[100,100],"ix":3},"r":{"a":0,"k":0,"ix":6},"o":{"a":0,"k":100,"ix":7},"sk":{"a":0,"k":0,"ix":4},"sa":{"a":0,"k":0,"ix":5},"nm":"Transform"}],"nm":"Group 2","np":2,"cix":2,"bm":0,"ix":2,"mn":"ADBE Vector Group","hd":false},{"ty":"gr","it":[{"ind":0,"ty":"sh","ix":1,"ks":{"a":0,"k":{"i":[[-47.549,0],[-20.84,19.223],[0,0],[16.959,0],[9.981,29.758],[0,0],[0,0]],"o":[[33.917,0],[0,0],[-11.275,7.67],[-32.808,0],[0,0],[0,0],[21.348,42.466]],"v":[[2.484,125.761],[85.844,95.402],[45.319,63.981],[2.53,75.995],[-68.077,24.102],[-109.896,24.102],[-109.896,56.495]],"c":true},"ix":2},"nm":"Path 1","mn":"ADBE Vector Shape - Group","hd":false},{"ty":"fl","c":{"a":0,"k":[0.203921583587,0.658823529412,0.325490196078,1],"ix":4},"o":{"a":0,"k":100,"ix":5},"r":1,"bm":0,"nm":"Fill 1","mn":"ADBE Vector Graphic - Fill","hd":false},{"ty":"tr","p":{"a":0,"k":[0,0],"ix":2},"a":{"a":0,"k":[0,0],"ix":1},"s":{"a":0,"k":[100,100],"ix":3},"r":{"a":0,"k":0,"ix":6},"o":{"a":0,"k":100,"ix":7},"sk":{"a":0,"k":0,"ix":4},"sa":{"a":0,"k":0,"ix":5},"nm":"Transform"}],"nm":"Group 3","np":2,"cix":2,"bm":0,"ix":3,"mn":"ADBE Vector Group","hd":false},{"ty":"gr","it":[{"ind":0,"ty":"sh","ix":1,"ks":{"a":0,"k":{"i":[[0,38.26],[1.48,8.41],[0,0],[0,0],[0,0],[13.262,-8.78],[0,0],[0,0]],"o":[[0,-8.549],[0,0],[0,0],[0,0],[-2.819,15.618],[0,0],[0,0],[23.797,-21.902]],"v":[[123.273,2.893],[121.101,-22.661],[2.484,-22.661],[2.484,25.766],[70.41,25.766],[45.273,63.981],[45.273,95.402],[85.798,95.402]],"c":true},"ix":2},"nm":"Path 1","mn":"ADBE Vector Shape - Group","hd":false},{"ty":"fl","c":{"a":0,"k":[0.203921583587,0.658823529412,0.325490196078,1],"ix":4},"o":{"a":0,"k":100,"ix":5},"r":1,"bm":0,"nm":"Fill 1","mn":"ADBE Vector Graphic - Fill","hd":false},{"ty":"tr","p":{"a":0,"k":[0,0],"ix":2},"a":{"a":0,"k":[0,0],"ix":1},"s":{"a":0,"k":[100,100],"ix":3},"r":{"a":0,"k":0,"ix":6},"o":{"a":0,"k":100,"ix":7},"sk":{"a":0,"k":0,"ix":4},"sa":{"a":0,"k":0,"ix":5},"nm":"Transform"}],"nm":"Group 4","np":2,"cix":2,"bm":0,"ix":4,"mn":"ADBE Vector Group","hd":false}],"ip":0,"op":3868,"st":0,"bm":0},{"ddd":0,"ind":7,"ty":4,"nm":"G Matte B 3","td":1,"sr":1,"ks":{"o":{"a":0,"k":100,"ix":11},"r":{"a":0,"k":0,"ix":10},"p":{"a":0,"k":[256.558,256.05,0],"ix":2},"a":{"a":0,"k":[0.558,0.05,0],"ix":1},"s":{"a":0,"k":[103,103,100],"ix":6}},"ao":0,"shapes":[{"ty":"gr","it":[{"ind":0,"ty":"sh","ix":1,"ks":{"a":0,"k":{"i":[[-0.08,57.41],[66.994,1.01],[0,-50.468],[-54.868,0]],"o":[[0.069,-49.401],[-54.862,-0.827],[0,54.999],[66.91,0]],"v":[[98.75,-0.344],[0.443,-100.88],[-97.634,-0.652],[0.34,100.991]],"c":true},"ix":2},"nm":"Path 1","mn":"ADBE Vector Shape - Group","hd":false},{"ty":"st","c":{"a":0,"k":[0.180392161012,0.192156866193,0.572549045086,1],"ix":3},"o":{"a":0,"k":100,"ix":4},"w":{"a":0,"k":55,"ix":5},"lc":1,"lj":1,"ml":10,"bm":0,"nm":"Stroke 1","mn":"ADBE Vector Graphic - Stroke","hd":false},{"ty":"tr","p":{"a":0,"k":[0,0],"ix":2},"a":{"a":0,"k":[0,0],"ix":1},"s":{"a":0,"k":[100,100],"ix":3},"r":{"a":0,"k":0,"ix":6},"o":{"a":0,"k":100,"ix":7},"sk":{"a":0,"k":0,"ix":4},"sa":{"a":0,"k":0,"ix":5},"nm":"Transform"}],"nm":"Group 1","np":2,"cix":2,"bm":0,"ix":1,"mn":"ADBE Vector Group","hd":false},{"ty":"tm","s":{"a":1,"k":[{"i":{"x":[0.573],"y":[1]},"o":{"x":[0.609],"y":[0]},"t":61,"s":[100]},{"t":110,"s":[1]}],"ix":1},"e":{"a":0,"k":0,"ix":2},"o":{"a":0,"k":20,"ix":3},"m":1,"ix":2,"nm":"Trim Paths 1","mn":"ADBE Vector Filter - Trim","hd":false}],"ip":0,"op":3868,"st":0,"bm":0},{"ddd":0,"ind":8,"ty":4,"nm":"G logo B3","tt":1,"sr":1,"ks":{"o":{"a":0,"k":100,"ix":11},"r":{"a":0,"k":0,"ix":10},"p":{"a":0,"k":[256,256,0],"ix":2},"a":{"a":0,"k":[0,0,0],"ix":1},"s":{"a":0,"k":[100,100,100],"ix":6}},"ao":0,"shapes":[{"ty":"gr","it":[{"ind":0,"ty":"sh","ix":1,"ks":{"a":0,"k":{"i":[[-32.808,0],[-12.984,-12.385],[0,0],[31.237,-0.37],[21.348,-42.513],[0,0]],"o":[[17.929,-0.278],[0,0],[-22.734,-21.348],[-47.549,0],[0,0],[9.935,-29.805]],"v":[[2.484,-75.985],[50.726,-57.132],[86.63,-93.037],[2.484,-125.752],[-109.896,-56.439],[-68.123,-24.047]],"c":true},"ix":2},"nm":"Path 1","mn":"ADBE Vector Shape - Group","hd":false},{"ty":"fl","c":{"a":0,"k":[0.258823529412,0.521568627451,0.956862804936,1],"ix":4},"o":{"a":0,"k":100,"ix":5},"r":1,"bm":0,"nm":"Fill 1","mn":"ADBE Vector Graphic - Fill","hd":false},{"ty":"tr","p":{"a":0,"k":[0,0],"ix":2},"a":{"a":0,"k":[0,0],"ix":1},"s":{"a":0,"k":[100,100],"ix":3},"r":{"a":0,"k":0,"ix":6},"o":{"a":0,"k":100,"ix":7},"sk":{"a":0,"k":0,"ix":4},"sa":{"a":0,"k":0,"ix":5},"nm":"Transform"}],"nm":"Group 1","np":2,"cix":2,"bm":0,"ix":1,"mn":"ADBE Vector Group","hd":false},{"ty":"gr","it":[{"ind":0,"ty":"sh","ix":1,"ks":{"a":0,"k":{"i":[[0,0],[-5.268,15.618],[0,0],[0,0],[-17.837,-35.533]],"o":[[-5.268,-15.618],[0,0],[0,0],[-17.837,35.533],[0,0]],"v":[[-68.123,24.102],[-68.123,-24.047],[-68.123,-56.439],[-109.896,-56.439],[-109.896,56.495]],"c":true},"ix":2},"nm":"Path 1","mn":"ADBE Vector Shape - Group","hd":false},{"ty":"fl","c":{"a":0,"k":[0.258823529412,0.521568627451,0.956862804936,1],"ix":4},"o":{"a":0,"k":100,"ix":5},"r":1,"bm":0,"nm":"Fill 1","mn":"ADBE Vector Graphic - Fill","hd":false},{"ty":"tr","p":{"a":0,"k":[0,0],"ix":2},"a":{"a":0,"k":[0,0],"ix":1},"s":{"a":0,"k":[100,100],"ix":3},"r":{"a":0,"k":0,"ix":6},"o":{"a":0,"k":100,"ix":7},"sk":{"a":0,"k":0,"ix":4},"sa":{"a":0,"k":0,"ix":5},"nm":"Transform"}],"nm":"Group 2","np":2,"cix":2,"bm":0,"ix":2,"mn":"ADBE Vector Group","hd":false},{"ty":"gr","it":[{"ind":0,"ty":"sh","ix":1,"ks":{"a":0,"k":{"i":[[-47.549,0],[-20.84,19.223],[0,0],[16.959,0],[9.981,29.758],[0,0],[0,0]],"o":[[33.917,0],[0,0],[-11.275,7.67],[-32.808,0],[0,0],[0,0],[21.348,42.466]],"v":[[2.484,125.761],[85.844,95.402],[45.319,63.981],[2.53,75.995],[-68.077,24.102],[-109.896,24.102],[-109.896,56.495]],"c":true},"ix":2},"nm":"Path 1","mn":"ADBE Vector Shape - Group","hd":false},{"ty":"fl","c":{"a":0,"k":[0.258823529412,0.521568627451,0.956862804936,1],"ix":4},"o":{"a":0,"k":100,"ix":5},"r":1,"bm":0,"nm":"Fill 1","mn":"ADBE Vector Graphic - Fill","hd":false},{"ty":"tr","p":{"a":0,"k":[0,0],"ix":2},"a":{"a":0,"k":[0,0],"ix":1},"s":{"a":0,"k":[100,100],"ix":3},"r":{"a":0,"k":0,"ix":6},"o":{"a":0,"k":100,"ix":7},"sk":{"a":0,"k":0,"ix":4},"sa":{"a":0,"k":0,"ix":5},"nm":"Transform"}],"nm":"Group 3","np":2,"cix":2,"bm":0,"ix":3,"mn":"ADBE Vector Group","hd":false},{"ty":"gr","it":[{"ind":0,"ty":"sh","ix":1,"ks":{"a":0,"k":{"i":[[0,38.26],[1.48,8.41],[0,0],[0,0],[0,0],[13.262,-8.78],[0,0],[0,0]],"o":[[0,-8.549],[0,0],[0,0],[0,0],[-2.819,15.618],[0,0],[0,0],[23.797,-21.902]],"v":[[123.273,2.893],[121.101,-22.661],[2.484,-22.661],[2.484,25.766],[70.41,25.766],[45.273,63.981],[45.273,95.402],[85.798,95.402]],"c":true},"ix":2},"nm":"Path 1","mn":"ADBE Vector Shape - Group","hd":false},{"ty":"fl","c":{"a":0,"k":[0.258823529412,0.521568627451,0.956862804936,1],"ix":4},"o":{"a":0,"k":100,"ix":5},"r":1,"bm":0,"nm":"Fill 1","mn":"ADBE Vector Graphic - Fill","hd":false},{"ty":"tr","p":{"a":0,"k":[0,0],"ix":2},"a":{"a":0,"k":[0,0],"ix":1},"s":{"a":0,"k":[100,100],"ix":3},"r":{"a":0,"k":0,"ix":6},"o":{"a":0,"k":100,"ix":7},"sk":{"a":0,"k":0,"ix":4},"sa":{"a":0,"k":0,"ix":5},"nm":"Transform"}],"nm":"Group 4","np":2,"cix":2,"bm":0,"ix":4,"mn":"ADBE Vector Group","hd":false}],"ip":0,"op":3868,"st":0,"bm":0}]},{"id":"comp_2","layers":[{"ddd":0,"ind":3,"ty":4,"nm":"G dash","sr":1,"ks":{"o":{"a":0,"k":100,"ix":11},"r":{"a":0,"k":0,"ix":10},"p":{"s":true,"x":{"a":1,"k":[{"i":{"x":[0.98],"y":[1]},"o":{"x":[0.021],"y":[0.488]},"t":41,"s":[193.298]},{"t":79,"s":[256]}],"ix":3},"y":{"a":0,"k":255.924,"ix":4}},"a":{"a":0,"k":[0,0,0],"ix":1},"s":{"a":1,"k":[{"i":{"x":[0.573,0.573,0.573],"y":[1,1,1]},"o":{"x":[0.609,0.609,0.609],"y":[0,0,0]},"t":41,"s":[0,100,100]},{"t":59,"s":[100,100,100]}],"ix":6}},"ao":0,"shapes":[{"ty":"gr","it":[{"ind":0,"ty":"sh","ix":1,"ks":{"a":0,"k":{"i":[[0,0],[-0.43,-13.961],[0,0],[0,0],[0,0]],"o":[[0,0],[0.43,13.961],[0,0],[0,0],[0,0]],"v":[[60.25,-23.813],[62.07,1.539],[61,23.219],[-58.75,23],[-58.75,-23.891]],"c":true},"ix":2},"nm":"Path 1","mn":"ADBE Vector Shape - Group","hd":false},{"ty":"fl","c":{"a":0,"k":[0.258823529412,0.521568627451,0.956862804936,1],"ix":4},"o":{"a":0,"k":100,"ix":5},"r":1,"bm":0,"nm":"Fill 1","mn":"ADBE Vector Graphic - Fill","hd":false},{"ty":"tr","p":{"a":0,"k":[60.75,1],"ix":2},"a":{"a":0,"k":[0,0],"ix":1},"s":{"a":0,"k":[100,100],"ix":3},"r":{"a":0,"k":0,"ix":6},"o":{"a":0,"k":100,"ix":7},"sk":{"a":0,"k":0,"ix":4},"sa":{"a":0,"k":0,"ix":5},"nm":"Transform"}],"nm":"Rectangle 1","np":3,"cix":2,"bm":0,"ix":1,"mn":"ADBE Vector Group","hd":false}],"ip":34,"op":250,"st":11,"bm":0},{"ddd":0,"ind":7,"ty":4,"nm":"Layer 1","td":1,"sr":1,"ks":{"o":{"a":0,"k":100,"ix":11},"r":{"a":0,"k":0,"ix":10},"p":{"a":0,"k":[256,256,0],"ix":2},"a":{"a":0,"k":[0,0,0],"ix":1},"s":{"a":0,"k":[100,100,100],"ix":6}},"ao":0,"shapes":[{"ty":"gr","it":[{"ind":0,"ty":"sh","ix":1,"ks":{"a":0,"k":{"i":[[0,38.248],[1.48,8.41],[0,0],[0,0],[0,0],[13.262,-8.78],[0,0],[16.936,0],[9.981,29.758],[0,0],[-5.268,15.618],[-32.808,0],[-12.984,-12.385],[0,0],[31.237,-0.37],[21.348,-42.513],[-17.837,-35.533],[-47.549,0],[-20.84,19.223],[0,0]],"o":[[0,-8.549],[0,0],[0,0],[0,0],[-2.819,15.618],[0,0],[-11.269,7.651],[-32.808,0],[0,0],[-5.268,-15.618],[9.935,-29.805],[17.929,-0.278],[0,0],[-22.734,-21.348],[-47.549,0],[-17.837,35.533],[21.348,42.466],[33.917,0],[0,0],[23.784,-21.902]],"v":[[123.273,2.893],[121.101,-22.661],[2.484,-22.661],[2.484,25.766],[70.41,25.766],[45.273,63.98],[45.273,64.011],[2.53,75.995],[-68.077,24.102],[-68.123,24.102],[-68.123,-24.047],[2.484,-75.985],[50.726,-57.132],[86.63,-93.037],[2.484,-125.752],[-109.896,-56.439],[-109.896,56.495],[2.484,125.761],[85.844,95.402],[85.819,95.382]],"c":true},"ix":2},"nm":"Path 1","mn":"ADBE Vector Shape - Group","hd":false},{"ty":"fl","c":{"a":0,"k":[0.917647063732,0.262745112181,0.207843139768,1],"ix":4},"o":{"a":0,"k":100,"ix":5},"r":1,"bm":0,"nm":"Fill 1","mn":"ADBE Vector Graphic - Fill","hd":false},{"ty":"tr","p":{"a":0,"k":[0,0],"ix":2},"a":{"a":0,"k":[0,0],"ix":1},"s":{"a":0,"k":[100,100],"ix":3},"r":{"a":0,"k":0,"ix":6},"o":{"a":0,"k":100,"ix":7},"sk":{"a":0,"k":0,"ix":4},"sa":{"a":0,"k":0,"ix":5},"nm":"Transform"}],"nm":"Group 1","np":2,"cix":2,"bm":0,"ix":1,"mn":"ADBE Vector Group","hd":false}],"ip":0,"op":3868,"st":0,"bm":0},{"ddd":0,"ind":8,"ty":0,"nm":"C G","tt":1,"refId":"comp_3","sr":1,"ks":{"o":{"a":0,"k":100,"ix":11},"r":{"a":0,"k":0,"ix":10},"p":{"a":0,"k":[256,256,0],"ix":2},"a":{"a":0,"k":[256,256,0],"ix":1},"s":{"a":0,"k":[100,100,100],"ix":6}},"ao":0,"w":512,"h":512,"ip":0,"op":3868,"st":0,"bm":0}]},{"id":"comp_3","layers":[{"ddd":0,"ind":1,"ty":4,"nm":"G Matte B 3","td":1,"sr":1,"ks":{"o":{"a":0,"k":100,"ix":11},"r":{"a":0,"k":0,"ix":10},"p":{"a":0,"k":[256.558,256.05,0],"ix":2},"a":{"a":0,"k":[0.558,0.05,0],"ix":1},"s":{"a":0,"k":[103,103,100],"ix":6}},"ao":0,"shapes":[{"ty":"gr","it":[{"ind":0,"ty":"sh","ix":1,"ks":{"a":0,"k":{"i":[[-0.08,57.41],[66.994,1.01],[0,-50.468],[-54.868,0]],"o":[[0.069,-49.401],[-54.862,-0.827],[0,54.999],[66.91,0]],"v":[[98.75,-0.344],[0.443,-100.88],[-97.634,-0.652],[0.34,100.991]],"c":true},"ix":2},"nm":"Path 1","mn":"ADBE Vector Shape - Group","hd":false},{"ty":"st","c":{"a":0,"k":[0.180392161012,0.192156866193,0.572549045086,1],"ix":3},"o":{"a":0,"k":100,"ix":4},"w":{"a":0,"k":55,"ix":5},"lc":1,"lj":1,"ml":10,"bm":0,"nm":"Stroke 1","mn":"ADBE Vector Graphic - Stroke","hd":false},{"ty":"tr","p":{"a":0,"k":[0,0],"ix":2},"a":{"a":0,"k":[0,0],"ix":1},"s":{"a":0,"k":[100,100],"ix":3},"r":{"a":0,"k":0,"ix":6},"o":{"a":0,"k":100,"ix":7},"sk":{"a":0,"k":0,"ix":4},"sa":{"a":0,"k":0,"ix":5},"nm":"Transform"}],"nm":"Group 1","np":2,"cix":2,"bm":0,"ix":1,"mn":"ADBE Vector Group","hd":false},{"ty":"tm","s":{"a":0,"k":100,"ix":1},"e":{"a":1,"k":[{"i":{"x":[0],"y":[1]},"o":{"x":[0.396],"y":[0]},"t":41.461,"s":[100]},{"t":94.078125,"s":[78.5]}],"ix":2},"o":{"a":0,"k":20,"ix":3},"m":1,"ix":2,"nm":"Trim Paths 1","mn":"ADBE Vector Filter - Trim","hd":false}],"ip":0,"op":4038,"st":0,"bm":0},{"ddd":0,"ind":2,"ty":4,"nm":"G logo B3","tt":1,"sr":1,"ks":{"o":{"a":0,"k":100,"ix":11},"r":{"a":0,"k":0,"ix":10},"p":{"a":0,"k":[256,256,0],"ix":2},"a":{"a":0,"k":[0,0,0],"ix":1},"s":{"a":0,"k":[100,100,100],"ix":6}},"ao":0,"shapes":[{"ty":"gr","it":[{"ind":0,"ty":"sh","ix":1,"ks":{"a":0,"k":{"i":[[-32.808,0],[-12.984,-12.385],[0,0],[31.237,-0.37],[21.348,-42.513],[0,0]],"o":[[17.929,-0.278],[0,0],[-22.734,-21.348],[-47.549,0],[0,0],[9.935,-29.805]],"v":[[2.484,-75.985],[50.726,-57.132],[86.63,-93.037],[2.484,-125.752],[-109.896,-56.439],[-68.123,-24.047]],"c":true},"ix":2},"nm":"Path 1","mn":"ADBE Vector Shape - Group","hd":false},{"ty":"fl","c":{"a":0,"k":[0.258823529412,0.521568627451,0.956862804936,1],"ix":4},"o":{"a":0,"k":100,"ix":5},"r":1,"bm":0,"nm":"Fill 1","mn":"ADBE Vector Graphic - Fill","hd":false},{"ty":"tr","p":{"a":0,"k":[0,0],"ix":2},"a":{"a":0,"k":[0,0],"ix":1},"s":{"a":0,"k":[100,100],"ix":3},"r":{"a":0,"k":0,"ix":6},"o":{"a":0,"k":100,"ix":7},"sk":{"a":0,"k":0,"ix":4},"sa":{"a":0,"k":0,"ix":5},"nm":"Transform"}],"nm":"Group 1","np":2,"cix":2,"bm":0,"ix":1,"mn":"ADBE Vector Group","hd":false},{"ty":"gr","it":[{"ind":0,"ty":"sh","ix":1,"ks":{"a":0,"k":{"i":[[0,0],[-5.268,15.618],[0,0],[0,0],[-17.837,-35.533]],"o":[[-5.268,-15.618],[0,0],[0,0],[-17.837,35.533],[0,0]],"v":[[-68.123,24.102],[-68.123,-24.047],[-68.123,-56.439],[-109.896,-56.439],[-109.896,56.495]],"c":true},"ix":2},"nm":"Path 1","mn":"ADBE Vector Shape - Group","hd":false},{"ty":"fl","c":{"a":0,"k":[0.258823529412,0.521568627451,0.956862804936,1],"ix":4},"o":{"a":0,"k":100,"ix":5},"r":1,"bm":0,"nm":"Fill 1","mn":"ADBE Vector Graphic - Fill","hd":false},{"ty":"tr","p":{"a":0,"k":[0,0],"ix":2},"a":{"a":0,"k":[0,0],"ix":1},"s":{"a":0,"k":[100,100],"ix":3},"r":{"a":0,"k":0,"ix":6},"o":{"a":0,"k":100,"ix":7},"sk":{"a":0,"k":0,"ix":4},"sa":{"a":0,"k":0,"ix":5},"nm":"Transform"}],"nm":"Group 2","np":2,"cix":2,"bm":0,"ix":2,"mn":"ADBE Vector Group","hd":false},{"ty":"gr","it":[{"ind":0,"ty":"sh","ix":1,"ks":{"a":0,"k":{"i":[[-47.549,0],[-20.84,19.223],[0,0],[16.959,0],[9.981,29.758],[0,0],[0,0]],"o":[[33.917,0],[0,0],[-11.275,7.67],[-32.808,0],[0,0],[0,0],[21.348,42.466]],"v":[[2.484,125.761],[85.844,95.402],[45.319,63.981],[2.53,75.995],[-68.077,24.102],[-109.896,24.102],[-109.896,56.495]],"c":true},"ix":2},"nm":"Path 1","mn":"ADBE Vector Shape - Group","hd":false},{"ty":"fl","c":{"a":0,"k":[0.258823529412,0.521568627451,0.956862804936,1],"ix":4},"o":{"a":0,"k":100,"ix":5},"r":1,"bm":0,"nm":"Fill 1","mn":"ADBE Vector Graphic - Fill","hd":false},{"ty":"tr","p":{"a":0,"k":[0,0],"ix":2},"a":{"a":0,"k":[0,0],"ix":1},"s":{"a":0,"k":[100,100],"ix":3},"r":{"a":0,"k":0,"ix":6},"o":{"a":0,"k":100,"ix":7},"sk":{"a":0,"k":0,"ix":4},"sa":{"a":0,"k":0,"ix":5},"nm":"Transform"}],"nm":"Group 3","np":2,"cix":2,"bm":0,"ix":3,"mn":"ADBE Vector Group","hd":false},{"ty":"gr","it":[{"ind":0,"ty":"sh","ix":1,"ks":{"a":0,"k":{"i":[[0,38.26],[1.48,8.41],[0,0],[0,0],[0,0],[13.262,-8.78],[0,0],[0,0]],"o":[[0,-8.549],[0,0],[0,0],[0,0],[-2.819,15.618],[0,0],[0,0],[23.797,-21.902]],"v":[[123.273,2.893],[121.101,-22.661],[2.484,-22.661],[2.484,25.766],[70.41,25.766],[45.273,63.981],[45.273,95.402],[85.798,95.402]],"c":true},"ix":2},"nm":"Path 1","mn":"ADBE Vector Shape - Group","hd":false},{"ty":"fl","c":{"a":0,"k":[0.258823529412,0.521568627451,0.956862804936,1],"ix":4},"o":{"a":0,"k":100,"ix":5},"r":1,"bm":0,"nm":"Fill 1","mn":"ADBE Vector Graphic - Fill","hd":false},{"ty":"tr","p":{"a":0,"k":[0,0],"ix":2},"a":{"a":0,"k":[0,0],"ix":1},"s":{"a":0,"k":[100,100],"ix":3},"r":{"a":0,"k":0,"ix":6},"o":{"a":0,"k":100,"ix":7},"sk":{"a":0,"k":0,"ix":4},"sa":{"a":0,"k":0,"ix":5},"nm":"Transform"}],"nm":"Group 4","np":2,"cix":2,"bm":0,"ix":4,"mn":"ADBE Vector Group","hd":false}],"ip":0,"op":3868,"st":0,"bm":0},{"ddd":0,"ind":3,"ty":4,"nm":"G Matte G","td":1,"sr":1,"ks":{"o":{"a":0,"k":100,"ix":11},"r":{"a":0,"k":0,"ix":10},"p":{"a":0,"k":[256.558,256.05,0],"ix":2},"a":{"a":0,"k":[0.558,0.05,0],"ix":1},"s":{"a":0,"k":[103,103,100],"ix":6}},"ao":0,"shapes":[{"ty":"gr","it":[{"ind":0,"ty":"sh","ix":1,"ks":{"a":0,"k":{"i":[[-0.08,57.41],[66.994,1.01],[0,-50.468],[-54.868,0]],"o":[[0.069,-49.401],[-54.862,-0.827],[0,54.999],[66.91,0]],"v":[[98.75,-0.344],[0.443,-100.88],[-97.634,-0.652],[0.34,100.991]],"c":true},"ix":2},"nm":"Path 1","mn":"ADBE Vector Shape - Group","hd":false},{"ty":"st","c":{"a":0,"k":[0.180392161012,0.192156866193,0.572549045086,1],"ix":3},"o":{"a":0,"k":100,"ix":4},"w":{"a":0,"k":55,"ix":5},"lc":1,"lj":1,"ml":10,"bm":0,"nm":"Stroke 1","mn":"ADBE Vector Graphic - Stroke","hd":false},{"ty":"tr","p":{"a":0,"k":[0,0],"ix":2},"a":{"a":0,"k":[0,0],"ix":1},"s":{"a":0,"k":[100,100],"ix":3},"r":{"a":0,"k":0,"ix":6},"o":{"a":0,"k":100,"ix":7},"sk":{"a":0,"k":0,"ix":4},"sa":{"a":0,"k":0,"ix":5},"nm":"Transform"}],"nm":"Group 1","np":2,"cix":2,"bm":0,"ix":1,"mn":"ADBE Vector Group","hd":false},{"ty":"tm","s":{"a":1,"k":[{"i":{"x":[0],"y":[1]},"o":{"x":[0.274],"y":[0]},"t":26.846,"s":[100]},{"t":97,"s":[48.4]}],"ix":1},"e":{"a":0,"k":100,"ix":2},"o":{"a":0,"k":30,"ix":3},"m":1,"ix":2,"nm":"Trim Paths 1","mn":"ADBE Vector Filter - Trim","hd":false}],"ip":0,"op":4038,"st":0,"bm":0},{"ddd":0,"ind":4,"ty":4,"nm":"G logo G","tt":1,"sr":1,"ks":{"o":{"a":0,"k":100,"ix":11},"r":{"a":0,"k":0,"ix":10},"p":{"a":0,"k":[256,256,0],"ix":2},"a":{"a":0,"k":[0,0,0],"ix":1},"s":{"a":0,"k":[100,100,100],"ix":6}},"ao":0,"shapes":[{"ty":"gr","it":[{"ind":0,"ty":"sh","ix":1,"ks":{"a":0,"k":{"i":[[-32.808,0],[-12.984,-12.385],[0,0],[31.237,-0.37],[21.348,-42.513],[0,0]],"o":[[17.929,-0.278],[0,0],[-22.734,-21.348],[-47.549,0],[0,0],[9.935,-29.805]],"v":[[2.484,-75.985],[50.726,-57.132],[86.63,-93.037],[2.484,-125.752],[-109.896,-56.439],[-68.123,-24.047]],"c":true},"ix":2},"nm":"Path 1","mn":"ADBE Vector Shape - Group","hd":false},{"ty":"fl","c":{"a":0,"k":[0.203921583587,0.658823529412,0.325490196078,1],"ix":4},"o":{"a":0,"k":100,"ix":5},"r":1,"bm":0,"nm":"Fill 1","mn":"ADBE Vector Graphic - Fill","hd":false},{"ty":"tr","p":{"a":0,"k":[0,0],"ix":2},"a":{"a":0,"k":[0,0],"ix":1},"s":{"a":0,"k":[100,100],"ix":3},"r":{"a":0,"k":0,"ix":6},"o":{"a":0,"k":100,"ix":7},"sk":{"a":0,"k":0,"ix":4},"sa":{"a":0,"k":0,"ix":5},"nm":"Transform"}],"nm":"Group 1","np":2,"cix":2,"bm":0,"ix":1,"mn":"ADBE Vector Group","hd":false},{"ty":"gr","it":[{"ind":0,"ty":"sh","ix":1,"ks":{"a":0,"k":{"i":[[0,0],[-5.268,15.618],[0,0],[0,0],[-17.837,-35.533]],"o":[[-5.268,-15.618],[0,0],[0,0],[-17.837,35.533],[0,0]],"v":[[-68.123,24.102],[-68.123,-24.047],[-68.123,-56.439],[-109.896,-56.439],[-109.896,56.495]],"c":true},"ix":2},"nm":"Path 1","mn":"ADBE Vector Shape - Group","hd":false},{"ty":"fl","c":{"a":0,"k":[0.203921583587,0.658823529412,0.325490196078,1],"ix":4},"o":{"a":0,"k":100,"ix":5},"r":1,"bm":0,"nm":"Fill 1","mn":"ADBE Vector Graphic - Fill","hd":false},{"ty":"tr","p":{"a":0,"k":[0,0],"ix":2},"a":{"a":0,"k":[0,0],"ix":1},"s":{"a":0,"k":[100,100],"ix":3},"r":{"a":0,"k":0,"ix":6},"o":{"a":0,"k":100,"ix":7},"sk":{"a":0,"k":0,"ix":4},"sa":{"a":0,"k":0,"ix":5},"nm":"Transform"}],"nm":"Group 2","np":2,"cix":2,"bm":0,"ix":2,"mn":"ADBE Vector Group","hd":false},{"ty":"gr","it":[{"ind":0,"ty":"sh","ix":1,"ks":{"a":0,"k":{"i":[[-47.549,0],[-20.84,19.223],[0,0],[16.959,0],[9.981,29.758],[0,0],[0,0]],"o":[[33.917,0],[0,0],[-11.275,7.67],[-32.808,0],[0,0],[0,0],[21.348,42.466]],"v":[[2.484,125.761],[85.844,95.402],[45.319,63.981],[2.53,75.995],[-68.077,24.102],[-109.896,24.102],[-109.896,56.495]],"c":true},"ix":2},"nm":"Path 1","mn":"ADBE Vector Shape - Group","hd":false},{"ty":"fl","c":{"a":0,"k":[0.203921583587,0.658823529412,0.325490196078,1],"ix":4},"o":{"a":0,"k":100,"ix":5},"r":1,"bm":0,"nm":"Fill 1","mn":"ADBE Vector Graphic - Fill","hd":false},{"ty":"tr","p":{"a":0,"k":[0,0],"ix":2},"a":{"a":0,"k":[0,0],"ix":1},"s":{"a":0,"k":[100,100],"ix":3},"r":{"a":0,"k":0,"ix":6},"o":{"a":0,"k":100,"ix":7},"sk":{"a":0,"k":0,"ix":4},"sa":{"a":0,"k":0,"ix":5},"nm":"Transform"}],"nm":"Group 3","np":2,"cix":2,"bm":0,"ix":3,"mn":"ADBE Vector Group","hd":false},{"ty":"gr","it":[{"ind":0,"ty":"sh","ix":1,"ks":{"a":0,"k":{"i":[[0,38.26],[1.48,8.41],[0,0],[0,0],[0,0],[13.262,-8.78],[0,0],[0,0]],"o":[[0,-8.549],[0,0],[0,0],[0,0],[-2.819,15.618],[0,0],[0,0],[23.797,-21.902]],"v":[[123.273,2.893],[121.101,-22.661],[2.484,-22.661],[2.484,25.766],[70.41,25.766],[45.273,63.981],[45.273,95.402],[85.798,95.402]],"c":true},"ix":2},"nm":"Path 1","mn":"ADBE Vector Shape - Group","hd":false},{"ty":"fl","c":{"a":0,"k":[0.203921583587,0.658823529412,0.325490196078,1],"ix":4},"o":{"a":0,"k":100,"ix":5},"r":1,"bm":0,"nm":"Fill 1","mn":"ADBE Vector Graphic - Fill","hd":false},{"ty":"tr","p":{"a":0,"k":[0,0],"ix":2},"a":{"a":0,"k":[0,0],"ix":1},"s":{"a":0,"k":[100,100],"ix":3},"r":{"a":0,"k":0,"ix":6},"o":{"a":0,"k":100,"ix":7},"sk":{"a":0,"k":0,"ix":4},"sa":{"a":0,"k":0,"ix":5},"nm":"Transform"}],"nm":"Group 4","np":2,"cix":2,"bm":0,"ix":4,"mn":"ADBE Vector Group","hd":false}],"ip":0,"op":3868,"st":0,"bm":0},{"ddd":0,"ind":5,"ty":4,"nm":"G Matte Y","td":1,"sr":1,"ks":{"o":{"a":0,"k":100,"ix":11},"r":{"a":0,"k":0,"ix":10},"p":{"a":0,"k":[256.558,256.05,0],"ix":2},"a":{"a":0,"k":[0.558,0.05,0],"ix":1},"s":{"a":0,"k":[103,103,100],"ix":6}},"ao":0,"shapes":[{"ty":"gr","it":[{"ind":0,"ty":"sh","ix":1,"ks":{"a":0,"k":{"i":[[0.069,-49.401],[21.843,-18.291],[28.188,0],[15.115,35.338],[0,14.469],[-5.622,12.573],[-40.128,-0.605]],"o":[[-0.046,33.224],[-15.901,13.315],[-40.433,0],[-5.396,-12.615],[0,-13.554],[15.313,-34.242],[66.994,1.01]],"v":[[98.75,-0.344],[66.318,79.88],[0.34,100.991],[-89.255,40.323],[-97.634,-0.652],[-88.895,-40.341],[0.443,-100.88]],"c":true},"ix":2},"nm":"Path 1","mn":"ADBE Vector Shape - Group","hd":false},{"ty":"st","c":{"a":0,"k":[0.180392161012,0.192156866193,0.572549045086,1],"ix":3},"o":{"a":0,"k":100,"ix":4},"w":{"a":0,"k":55,"ix":5},"lc":1,"lj":1,"ml":10,"bm":0,"nm":"Stroke 1","mn":"ADBE Vector Graphic - Stroke","hd":false},{"ty":"tr","p":{"a":0,"k":[0,0],"ix":2},"a":{"a":0,"k":[0,0],"ix":1},"s":{"a":0,"k":[100,100],"ix":3},"r":{"a":0,"k":0,"ix":6},"o":{"a":0,"k":100,"ix":7},"sk":{"a":0,"k":0,"ix":4},"sa":{"a":0,"k":0,"ix":5},"nm":"Transform"}],"nm":"Group 1","np":2,"cix":2,"bm":0,"ix":1,"mn":"ADBE Vector Group","hd":false},{"ty":"tm","s":{"a":1,"k":[{"i":{"x":[0],"y":[1]},"o":{"x":[0.274],"y":[0]},"t":23.924,"s":[0]},{"t":94.078125,"s":[62.6]}],"ix":1},"e":{"a":0,"k":0,"ix":2},"o":{"a":0,"k":-19,"ix":3},"m":1,"ix":2,"nm":"Trim Paths 1","mn":"ADBE Vector Filter - Trim","hd":false}],"ip":0,"op":4038,"st":0,"bm":0},{"ddd":0,"ind":6,"ty":4,"nm":"G logo Y","tt":1,"sr":1,"ks":{"o":{"a":0,"k":100,"ix":11},"r":{"a":0,"k":0,"ix":10},"p":{"a":0,"k":[256,256,0],"ix":2},"a":{"a":0,"k":[0,0,0],"ix":1},"s":{"a":0,"k":[100,100,100],"ix":6}},"ao":0,"shapes":[{"ty":"gr","it":[{"ind":0,"ty":"sh","ix":1,"ks":{"a":0,"k":{"i":[[-32.808,0],[-12.984,-12.385],[0,0],[31.237,-0.37],[21.348,-42.513],[0,0]],"o":[[17.929,-0.278],[0,0],[-22.734,-21.348],[-47.549,0],[0,0],[9.935,-29.805]],"v":[[2.484,-75.985],[50.726,-57.132],[86.63,-93.037],[2.484,-125.752],[-109.896,-56.439],[-68.123,-24.047]],"c":true},"ix":2},"nm":"Path 1","mn":"ADBE Vector Shape - Group","hd":false},{"ty":"fl","c":{"a":0,"k":[0.984313785329,0.737254901961,0.01568627451,1],"ix":4},"o":{"a":0,"k":100,"ix":5},"r":1,"bm":0,"nm":"Fill 1","mn":"ADBE Vector Graphic - Fill","hd":false},{"ty":"tr","p":{"a":0,"k":[0,0],"ix":2},"a":{"a":0,"k":[0,0],"ix":1},"s":{"a":0,"k":[100,100],"ix":3},"r":{"a":0,"k":0,"ix":6},"o":{"a":0,"k":100,"ix":7},"sk":{"a":0,"k":0,"ix":4},"sa":{"a":0,"k":0,"ix":5},"nm":"Transform"}],"nm":"Group 1","np":2,"cix":2,"bm":0,"ix":1,"mn":"ADBE Vector Group","hd":false},{"ty":"gr","it":[{"ind":0,"ty":"sh","ix":1,"ks":{"a":0,"k":{"i":[[0,0],[-5.268,15.618],[0,0],[0,0],[-17.837,-35.533]],"o":[[-5.268,-15.618],[0,0],[0,0],[-17.837,35.533],[0,0]],"v":[[-68.123,24.102],[-68.123,-24.047],[-68.123,-56.439],[-109.896,-56.439],[-109.896,56.495]],"c":true},"ix":2},"nm":"Path 1","mn":"ADBE Vector Shape - Group","hd":false},{"ty":"fl","c":{"a":0,"k":[0.984313785329,0.737254901961,0.01568627451,1],"ix":4},"o":{"a":0,"k":100,"ix":5},"r":1,"bm":0,"nm":"Fill 1","mn":"ADBE Vector Graphic - Fill","hd":false},{"ty":"tr","p":{"a":0,"k":[0,0],"ix":2},"a":{"a":0,"k":[0,0],"ix":1},"s":{"a":0,"k":[100,100],"ix":3},"r":{"a":0,"k":0,"ix":6},"o":{"a":0,"k":100,"ix":7},"sk":{"a":0,"k":0,"ix":4},"sa":{"a":0,"k":0,"ix":5},"nm":"Transform"}],"nm":"Group 2","np":2,"cix":2,"bm":0,"ix":2,"mn":"ADBE Vector Group","hd":false},{"ty":"gr","it":[{"ind":0,"ty":"sh","ix":1,"ks":{"a":0,"k":{"i":[[-47.549,0],[-20.84,19.223],[0,0],[16.959,0],[9.981,29.758],[0,0],[0,0]],"o":[[33.917,0],[0,0],[-11.275,7.67],[-32.808,0],[0,0],[0,0],[21.348,42.466]],"v":[[2.484,125.761],[85.844,95.402],[45.319,63.981],[2.53,75.995],[-68.077,24.102],[-109.896,24.102],[-109.896,56.495]],"c":true},"ix":2},"nm":"Path 1","mn":"ADBE Vector Shape - Group","hd":false},{"ty":"fl","c":{"a":0,"k":[0.984313785329,0.737254901961,0.01568627451,1],"ix":4},"o":{"a":0,"k":100,"ix":5},"r":1,"bm":0,"nm":"Fill 1","mn":"ADBE Vector Graphic - Fill","hd":false},{"ty":"tr","p":{"a":0,"k":[0,0],"ix":2},"a":{"a":0,"k":[0,0],"ix":1},"s":{"a":0,"k":[100,100],"ix":3},"r":{"a":0,"k":0,"ix":6},"o":{"a":0,"k":100,"ix":7},"sk":{"a":0,"k":0,"ix":4},"sa":{"a":0,"k":0,"ix":5},"nm":"Transform"}],"nm":"Group 3","np":2,"cix":2,"bm":0,"ix":3,"mn":"ADBE Vector Group","hd":false},{"ty":"gr","it":[{"ind":0,"ty":"sh","ix":1,"ks":{"a":0,"k":{"i":[[0,38.26],[1.48,8.41],[0,0],[0,0],[0,0],[13.262,-8.78],[0,0],[0,0]],"o":[[0,-8.549],[0,0],[0,0],[0,0],[-2.819,15.618],[0,0],[0,0],[23.797,-21.902]],"v":[[123.273,2.893],[121.101,-22.661],[2.484,-22.661],[2.484,25.766],[70.41,25.766],[45.273,63.981],[45.273,95.402],[85.798,95.402]],"c":true},"ix":2},"nm":"Path 1","mn":"ADBE Vector Shape - Group","hd":false},{"ty":"fl","c":{"a":0,"k":[0.984313785329,0.737254901961,0.01568627451,1],"ix":4},"o":{"a":0,"k":100,"ix":5},"r":1,"bm":0,"nm":"Fill 1","mn":"ADBE Vector Graphic - Fill","hd":false},{"ty":"tr","p":{"a":0,"k":[0,0],"ix":2},"a":{"a":0,"k":[0,0],"ix":1},"s":{"a":0,"k":[100,100],"ix":3},"r":{"a":0,"k":0,"ix":6},"o":{"a":0,"k":100,"ix":7},"sk":{"a":0,"k":0,"ix":4},"sa":{"a":0,"k":0,"ix":5},"nm":"Transform"}],"nm":"Group 4","np":2,"cix":2,"bm":0,"ix":4,"mn":"ADBE Vector Group","hd":false}],"ip":0,"op":3868,"st":0,"bm":0},{"ddd":0,"ind":7,"ty":4,"nm":"G Matte R","td":1,"sr":1,"ks":{"o":{"a":0,"k":100,"ix":11},"r":{"a":0,"k":0,"ix":10},"p":{"a":0,"k":[256.558,256.05,0],"ix":2},"a":{"a":0,"k":[0.558,0.05,0],"ix":1},"s":{"a":0,"k":[103,103,100],"ix":6}},"ao":0,"shapes":[{"ty":"gr","it":[{"ind":0,"ty":"sh","ix":1,"ks":{"a":0,"k":{"i":[[-0.08,57.41],[66.994,1.01],[0,-50.468],[-54.868,0]],"o":[[0.069,-49.401],[-54.862,-0.827],[0,54.999],[66.91,0]],"v":[[98.75,-0.344],[0.443,-100.88],[-97.634,-0.652],[0.34,100.991]],"c":true},"ix":2},"nm":"Path 1","mn":"ADBE Vector Shape - Group","hd":false},{"ty":"st","c":{"a":0,"k":[0.180392161012,0.192156866193,0.572549045086,1],"ix":3},"o":{"a":0,"k":100,"ix":4},"w":{"a":0,"k":55,"ix":5},"lc":1,"lj":1,"ml":10,"bm":0,"nm":"Stroke 1","mn":"ADBE Vector Graphic - Stroke","hd":false},{"ty":"tr","p":{"a":0,"k":[0,0],"ix":2},"a":{"a":0,"k":[0,0],"ix":1},"s":{"a":0,"k":[100,100],"ix":3},"r":{"a":0,"k":0,"ix":6},"o":{"a":0,"k":100,"ix":7},"sk":{"a":0,"k":0,"ix":4},"sa":{"a":0,"k":0,"ix":5},"nm":"Transform"}],"nm":"Group 1","np":2,"cix":2,"bm":0,"ix":1,"mn":"ADBE Vector Group","hd":false},{"ty":"tm","s":{"a":1,"k":[{"i":{"x":[0.735],"y":[1]},"o":{"x":[0.588],"y":[0]},"t":2,"s":[100]},{"t":72.154296875,"s":[0]}],"ix":1},"e":{"a":0,"k":100,"ix":2},"o":{"a":0,"k":30,"ix":3},"m":1,"ix":2,"nm":"Trim Paths 1","mn":"ADBE Vector Filter - Trim","hd":false}],"ip":0,"op":4038,"st":0,"bm":0},{"ddd":0,"ind":8,"ty":4,"nm":"G logo R","tt":1,"sr":1,"ks":{"o":{"a":0,"k":100,"ix":11},"r":{"a":0,"k":0,"ix":10},"p":{"a":0,"k":[256,256,0],"ix":2},"a":{"a":0,"k":[0,0,0],"ix":1},"s":{"a":0,"k":[100,100,100],"ix":6}},"ao":0,"shapes":[{"ty":"gr","it":[{"ind":0,"ty":"sh","ix":1,"ks":{"a":0,"k":{"i":[[-32.808,0],[-12.984,-12.385],[0,0],[31.237,-0.37],[21.348,-42.513],[0,0]],"o":[[17.929,-0.278],[0,0],[-22.734,-21.348],[-47.549,0],[0,0],[9.935,-29.805]],"v":[[2.484,-75.985],[50.726,-57.132],[86.63,-93.037],[2.484,-125.752],[-109.896,-56.439],[-68.123,-24.047]],"c":true},"ix":2},"nm":"Path 1","mn":"ADBE Vector Shape - Group","hd":false},{"ty":"fl","c":{"a":0,"k":[0.917647118662,0.262745098039,0.207843152214,1],"ix":4},"o":{"a":0,"k":100,"ix":5},"r":1,"bm":0,"nm":"Fill 1","mn":"ADBE Vector Graphic - Fill","hd":false},{"ty":"tr","p":{"a":0,"k":[0,0],"ix":2},"a":{"a":0,"k":[0,0],"ix":1},"s":{"a":0,"k":[100,100],"ix":3},"r":{"a":0,"k":0,"ix":6},"o":{"a":0,"k":100,"ix":7},"sk":{"a":0,"k":0,"ix":4},"sa":{"a":0,"k":0,"ix":5},"nm":"Transform"}],"nm":"Group 1","np":2,"cix":2,"bm":0,"ix":1,"mn":"ADBE Vector Group","hd":false},{"ty":"gr","it":[{"ind":0,"ty":"sh","ix":1,"ks":{"a":0,"k":{"i":[[0,0],[-5.268,15.618],[0,0],[0,0],[-17.837,-35.533]],"o":[[-5.268,-15.618],[0,0],[0,0],[-17.837,35.533],[0,0]],"v":[[-68.123,24.102],[-68.123,-24.047],[-68.123,-56.439],[-109.896,-56.439],[-109.896,56.495]],"c":true},"ix":2},"nm":"Path 1","mn":"ADBE Vector Shape - Group","hd":false},{"ty":"fl","c":{"a":0,"k":[0.917647118662,0.262745098039,0.207843152214,1],"ix":4},"o":{"a":0,"k":100,"ix":5},"r":1,"bm":0,"nm":"Fill 1","mn":"ADBE Vector Graphic - Fill","hd":false},{"ty":"tr","p":{"a":0,"k":[0,0],"ix":2},"a":{"a":0,"k":[0,0],"ix":1},"s":{"a":0,"k":[100,100],"ix":3},"r":{"a":0,"k":0,"ix":6},"o":{"a":0,"k":100,"ix":7},"sk":{"a":0,"k":0,"ix":4},"sa":{"a":0,"k":0,"ix":5},"nm":"Transform"}],"nm":"Group 2","np":2,"cix":2,"bm":0,"ix":2,"mn":"ADBE Vector Group","hd":false},{"ty":"gr","it":[{"ind":0,"ty":"sh","ix":1,"ks":{"a":0,"k":{"i":[[-47.549,0],[-20.84,19.223],[0,0],[16.959,0],[9.981,29.758],[0,0],[0,0]],"o":[[33.917,0],[0,0],[-11.275,7.67],[-32.808,0],[0,0],[0,0],[21.348,42.466]],"v":[[2.484,125.761],[85.844,95.402],[45.319,63.981],[2.53,75.995],[-68.077,24.102],[-109.896,24.102],[-109.896,56.495]],"c":true},"ix":2},"nm":"Path 1","mn":"ADBE Vector Shape - Group","hd":false},{"ty":"fl","c":{"a":0,"k":[0.917647118662,0.262745098039,0.207843152214,1],"ix":4},"o":{"a":0,"k":100,"ix":5},"r":1,"bm":0,"nm":"Fill 1","mn":"ADBE Vector Graphic - Fill","hd":false},{"ty":"tr","p":{"a":0,"k":[0,0],"ix":2},"a":{"a":0,"k":[0,0],"ix":1},"s":{"a":0,"k":[100,100],"ix":3},"r":{"a":0,"k":0,"ix":6},"o":{"a":0,"k":100,"ix":7},"sk":{"a":0,"k":0,"ix":4},"sa":{"a":0,"k":0,"ix":5},"nm":"Transform"}],"nm":"Group 3","np":2,"cix":2,"bm":0,"ix":3,"mn":"ADBE Vector Group","hd":false},{"ty":"gr","it":[{"ind":0,"ty":"sh","ix":1,"ks":{"a":0,"k":{"i":[[0,38.26],[1.48,8.41],[0,0],[0,0],[0,0],[13.262,-8.78],[0,0],[0,0]],"o":[[0,-8.549],[0,0],[0,0],[0,0],[-2.819,15.618],[0,0],[0,0],[23.797,-21.902]],"v":[[123.273,2.893],[121.101,-22.661],[2.484,-22.661],[2.484,25.766],[70.41,25.766],[45.273,63.981],[45.273,95.402],[85.798,95.402]],"c":true},"ix":2},"nm":"Path 1","mn":"ADBE Vector Shape - Group","hd":false},{"ty":"fl","c":{"a":0,"k":[0.917647118662,0.262745098039,0.207843152214,1],"ix":4},"o":{"a":0,"k":100,"ix":5},"r":1,"bm":0,"nm":"Fill 1","mn":"ADBE Vector Graphic - Fill","hd":false},{"ty":"tr","p":{"a":0,"k":[0,0],"ix":2},"a":{"a":0,"k":[0,0],"ix":1},"s":{"a":0,"k":[100,100],"ix":3},"r":{"a":0,"k":0,"ix":6},"o":{"a":0,"k":100,"ix":7},"sk":{"a":0,"k":0,"ix":4},"sa":{"a":0,"k":0,"ix":5},"nm":"Transform"}],"nm":"Group 4","np":2,"cix":2,"bm":0,"ix":4,"mn":"ADBE Vector Group","hd":false}],"ip":0,"op":3868,"st":0,"bm":0}]}],"layers":[{"ddd":0,"ind":6,"ty":0,"nm":"G 2","refId":"comp_0","sr":1,"ks":{"o":{"a":0,"k":100,"ix":11},"r":{"a":0,"k":0,"ix":10},"p":{"a":0,"k":[256,256,0],"ix":2},"a":{"a":0,"k":[256,256,0],"ix":1},"s":{"a":0,"k":[72,72,100],"ix":6}},"ao":0,"w":512,"h":512,"ip":249,"op":4117,"st":249,"bm":0},{"ddd":0,"ind":7,"ty":0,"nm":"G 1","refId":"comp_2","sr":1,"ks":{"o":{"a":0,"k":100,"ix":11},"r":{"a":0,"k":0,"ix":10},"p":{"a":0,"k":[256,256,0],"ix":2},"a":{"a":0,"k":[256,256,0],"ix":1},"s":{"a":0,"k":[72,72,100],"ix":6}},"ao":0,"w":512,"h":512,"ip":132,"op":249,"st":132,"bm":0},{"ddd":0,"ind":8,"ty":4,"nm":"Blue 3","sr":1,"ks":{"o":{"a":0,"k":100,"ix":11},"r":{"a":0,"k":0,"ix":10},"p":{"s":true,"x":{"a":1,"k":[{"i":{"x":[0.833],"y":[1]},"o":{"x":[0.261],"y":[1.457]},"t":141,"s":[150.552]},{"i":{"x":[0.108],"y":[1]},"o":{"x":[0.182],"y":[0]},"t":160,"s":[110.52]},{"t":223,"s":[326.552]}],"ix":3},"y":{"a":1,"k":[{"i":{"x":[0.27],"y":[1.388]},"o":{"x":[0.68],"y":[-0.388]},"t":160,"s":[256]},{"t":184,"s":[256.75]}],"ix":4}},"a":{"a":0,"k":[-105.448,0,0],"ix":1},"s":{"a":1,"k":[{"i":{"x":[1,1,0.999],"y":[1,1,1]},"o":{"x":[0.713,0.713,1],"y":[0,0,0]},"t":160,"s":[100,100,100]},{"t":184,"s":[90,90,100]}],"ix":6}},"ao":0,"shapes":[{"ty":"gr","it":[{"ind":0,"ty":"sh","ix":1,"ks":{"a":0,"k":{"i":[[-9.838,0],[0,-9.838],[9.838,0],[0,9.838]],"o":[[9.838,0],[0,9.838],[-9.838,0],[0,-9.838]],"v":[[-105.448,-17.825],[-87.624,0],[-105.448,17.825],[-123.273,0]],"c":true},"ix":2},"nm":"Path 1","mn":"ADBE Vector Shape - Group","hd":false},{"ty":"fl","c":{"a":0,"k":[0.258823543787,0.521568655968,0.956862747669,1],"ix":4},"o":{"a":0,"k":100,"ix":5},"r":1,"bm":0,"nm":"Fill 1","mn":"ADBE Vector Graphic - Fill","hd":false},{"ty":"tr","p":{"a":0,"k":[0,0],"ix":2},"a":{"a":0,"k":[0,0],"ix":1},"s":{"a":0,"k":[100,100],"ix":3},"r":{"a":0,"k":0,"ix":6},"o":{"a":0,"k":100,"ix":7},"sk":{"a":0,"k":0,"ix":4},"sa":{"a":0,"k":0,"ix":5},"nm":"Transform"}],"nm":"Group 1","np":2,"cix":2,"bm":0,"ix":1,"mn":"ADBE Vector Group","hd":false}],"ip":99,"op":249,"st":160,"bm":0},{"ddd":0,"ind":10,"ty":4,"nm":"Red 2","sr":1,"ks":{"o":{"a":0,"k":100,"ix":11},"r":{"a":0,"k":0,"ix":10},"p":{"a":1,"k":[{"i":{"x":0.502,"y":0},"o":{"x":0.26,"y":0},"t":100.277,"s":[220.851,256,0],"to":[-6,-33.613,0],"ti":[-27.871,11.346,0]},{"i":{"x":0.865,"y":1},"o":{"x":0.709,"y":1},"t":128.496,"s":[249,191.5,0],"to":[59.5,-22.5,0],"ti":[7.75,-42,0]},{"t":163,"s":[325,268.5,0]}],"ix":2},"a":{"a":0,"k":[-35.149,0,0],"ix":1},"s":{"a":0,"k":[100,100,100],"ix":6}},"ao":0,"shapes":[{"ty":"gr","it":[{"ind":0,"ty":"sh","ix":1,"ks":{"a":0,"k":{"i":[[-9.838,0],[0,-9.838],[9.838,0],[0,9.838]],"o":[[9.838,0],[0,9.838],[-9.838,0],[0,-9.838]],"v":[[-35.149,-17.825],[-17.325,0],[-35.149,17.825],[-52.974,0]],"c":true},"ix":2},"nm":"Path 1","mn":"ADBE Vector Shape - Group","hd":false},{"ty":"fl","c":{"a":0,"k":[0.917647063732,0.262745112181,0.207843139768,1],"ix":4},"o":{"a":0,"k":100,"ix":5},"r":1,"bm":0,"nm":"Fill 1","mn":"ADBE Vector Graphic - Fill","hd":false},{"ty":"tr","p":{"a":0,"k":[0,0],"ix":2},"a":{"a":0,"k":[0,0],"ix":1},"s":{"a":0,"k":[100,100],"ix":3},"r":{"a":0,"k":0,"ix":6},"o":{"a":0,"k":100,"ix":7},"sk":{"a":0,"k":0,"ix":4},"sa":{"a":0,"k":0,"ix":5},"nm":"Transform"}],"nm":"Group 1","np":2,"cix":2,"bm":0,"ix":1,"mn":"ADBE Vector Group","hd":false}],"ip":99,"op":161,"st":99,"bm":0},{"ddd":0,"ind":11,"ty":4,"nm":"Yellow 2","sr":1,"ks":{"o":{"a":0,"k":100,"ix":11},"r":{"a":0,"k":0,"ix":10},"p":{"a":1,"k":[{"i":{"x":0.644,"y":0.341},"o":{"x":0.3,"y":0},"t":100.725,"s":[291.15,256,0],"to":[9,14.387,0],"ti":[32.779,1.604,0]},{"i":{"x":0.667,"y":1},"o":{"x":0.373,"y":0.352},"t":121.232,"s":[254.221,299.396,0],"to":[-32.097,-5.538,0],"ti":[-9.368,30.009,0]},{"i":{"x":0.776,"y":1},"o":{"x":0.333,"y":0},"t":135.029,"s":[218.504,227.666,0],"to":[22.996,-73.666,0],"ti":[12.5,-82.75,0]},{"t":170,"s":[325.5,266.5,0]}],"ix":2},"a":{"a":0,"k":[35.15,0,0],"ix":1},"s":{"a":0,"k":[100,100,100],"ix":6}},"ao":0,"shapes":[{"ty":"gr","it":[{"ind":0,"ty":"sh","ix":1,"ks":{"a":0,"k":{"i":[[-9.838,0],[0,-9.838],[9.838,0],[0,9.838]],"o":[[9.838,0],[0,9.838],[-9.838,0],[0,-9.838]],"v":[[35.15,-17.825],[52.974,0],[35.15,17.825],[17.325,0]],"c":true},"ix":2},"nm":"Path 1","mn":"ADBE Vector Shape - Group","hd":false},{"ty":"fl","c":{"a":0,"k":[0.984313726425,0.737254917622,0.019607843831,1],"ix":4},"o":{"a":0,"k":100,"ix":5},"r":1,"bm":0,"nm":"Fill 1","mn":"ADBE Vector Graphic - Fill","hd":false},{"ty":"tr","p":{"a":0,"k":[0,0],"ix":2},"a":{"a":0,"k":[0,0],"ix":1},"s":{"a":0,"k":[100,100],"ix":3},"r":{"a":0,"k":0,"ix":6},"o":{"a":0,"k":100,"ix":7},"sk":{"a":0,"k":0,"ix":4},"sa":{"a":0,"k":0,"ix":5},"nm":"Transform"}],"nm":"Group 1","np":2,"cix":2,"bm":0,"ix":1,"mn":"ADBE Vector Group","hd":false}],"ip":99,"op":171,"st":99,"bm":0},{"ddd":0,"ind":12,"ty":4,"nm":"Green 2","sr":1,"ks":{"o":{"a":0,"k":100,"ix":11},"r":{"a":0,"k":0,"ix":10},"p":{"a":1,"k":[{"i":{"x":0.638,"y":0.436},"o":{"x":0.264,"y":0},"t":105,"s":[361.449,256,0],"to":[-6,16.387,0],"ti":[56.779,19.604,0]},{"i":{"x":0.685,"y":0.687},"o":{"x":0.345,"y":0.309},"t":134.006,"s":[254.221,299.396,0],"to":[-31.865,-6.749,0],"ti":[-9.368,30.009,0]},{"i":{"x":0.857,"y":1},"o":{"x":0.457,"y":0.548},"t":146,"s":[218.504,227.666,0],"to":[22.996,-73.666,0],"ti":[6.5,-81.25,0]},{"t":175,"s":[326.5,266.5,0]}],"ix":2},"a":{"a":0,"k":[105.449,0,0],"ix":1},"s":{"a":0,"k":[100,100,100],"ix":6}},"ao":0,"shapes":[{"ty":"gr","it":[{"ind":0,"ty":"sh","ix":1,"ks":{"a":0,"k":{"i":[[-9.838,0],[0,-9.838],[9.838,0],[0,9.838]],"o":[[9.838,0],[0,9.838],[-9.838,0],[0,-9.838]],"v":[[105.449,-17.825],[123.273,0],[105.449,17.825],[87.624,0]],"c":true},"ix":2},"nm":"Path 1","mn":"ADBE Vector Shape - Group","hd":false},{"ty":"fl","c":{"a":0,"k":[0.203921571374,0.658823549747,0.32549020648,1],"ix":4},"o":{"a":0,"k":100,"ix":5},"r":1,"bm":0,"nm":"Fill 1","mn":"ADBE Vector Graphic - Fill","hd":false},{"ty":"tr","p":{"a":0,"k":[0,0],"ix":2},"a":{"a":0,"k":[0,0],"ix":1},"s":{"a":0,"k":[100,100],"ix":3},"r":{"a":0,"k":0,"ix":6},"o":{"a":0,"k":100,"ix":7},"sk":{"a":0,"k":0,"ix":4},"sa":{"a":0,"k":0,"ix":5},"nm":"Transform"}],"nm":"Group 1","np":2,"cix":2,"bm":0,"ix":1,"mn":"ADBE Vector Group","hd":false}],"ip":99,"op":177,"st":99,"bm":0},{"ddd":0,"ind":13,"ty":4,"nm":"Blue","sr":1,"ks":{"o":{"a":0,"k":100,"ix":11},"r":{"a":0,"k":0,"ix":10},"p":{"a":1,"k":[{"i":{"x":0.667,"y":1},"o":{"x":0.907,"y":0},"t":0,"s":[150.552,228.344,0],"to":[0,0,0],"ti":[0,7.744,0]},{"t":35,"s":[150.552,256,0]}],"ix":2,"x":"var $bm_rt;\nvar n, n, t, t, v, amp, freq, decay;\n$bm_rt = n = 0;\nif (numKeys > 0) {\n    $bm_rt = n = nearestKey(time).index;\n    if (key(n).time > time) {\n        n--;\n    }\n}\nif (n == 0) {\n    $bm_rt = t = 0;\n} else {\n    $bm_rt = t = $bm_sub(time, key(n).time);\n}\nif (n > 0 && t < 1) {\n    v = velocityAtTime($bm_sub(key(n).time, $bm_div(thisComp.frameDuration, 10)));\n    amp = 3.05;\n    freq = 2;\n    decay = 2;\n    $bm_rt = $bm_sum(value, $bm_div($bm_mul($bm_mul(v, amp), Math.sin($bm_mul($bm_mul($bm_mul(freq, t), 2), Math.PI))), Math.exp($bm_mul(decay, t))));\n} else {\n    $bm_rt = value;\n}"},"a":{"a":0,"k":[-105.448,0,0],"ix":1},"s":{"a":1,"k":[{"i":{"x":[0.368,0.368,0.66],"y":[1,1,1]},"o":{"x":[0.268,0.268,0.333],"y":[0,0,0]},"t":8,"s":[0,0,100]},{"i":{"x":[0.667,0.667,0.667],"y":[1,1,1]},"o":{"x":[0.105,0.105,0.252],"y":[0,0,0]},"t":24,"s":[100,100,100]},{"t":85,"s":[100,100,100]}],"ix":6}},"ao":0,"shapes":[{"ty":"gr","it":[{"ind":0,"ty":"sh","ix":1,"ks":{"a":0,"k":{"i":[[-9.838,0],[0,-9.838],[9.838,0],[0,9.838]],"o":[[9.838,0],[0,9.838],[-9.838,0],[0,-9.838]],"v":[[-105.448,-17.825],[-87.624,0],[-105.448,17.825],[-123.273,0]],"c":true},"ix":2},"nm":"Path 1","mn":"ADBE Vector Shape - Group","hd":false},{"ty":"fl","c":{"a":0,"k":[0.258823543787,0.521568655968,0.956862747669,1],"ix":4},"o":{"a":0,"k":100,"ix":5},"r":1,"bm":0,"nm":"Fill 1","mn":"ADBE Vector Graphic - Fill","hd":false},{"ty":"tr","p":{"a":0,"k":[0,0],"ix":2},"a":{"a":0,"k":[0,0],"ix":1},"s":{"a":0,"k":[100,100],"ix":3},"r":{"a":0,"k":0,"ix":6},"o":{"a":0,"k":100,"ix":7},"sk":{"a":0,"k":0,"ix":4},"sa":{"a":0,"k":0,"ix":5},"nm":"Transform"}],"nm":"Group 1","np":2,"cix":2,"bm":0,"ix":1,"mn":"ADBE Vector Group","hd":false}],"ip":0,"op":100,"st":0,"bm":0},{"ddd":0,"ind":14,"ty":4,"nm":"Red","sr":1,"ks":{"o":{"a":0,"k":100,"ix":11},"r":{"a":0,"k":0,"ix":10},"p":{"a":1,"k":[{"i":{"x":0.667,"y":1},"o":{"x":0.907,"y":0},"t":6,"s":[220.851,228.344,0],"to":[0,0,0],"ti":[0,7.744,0]},{"t":39,"s":[220.851,256,0]}],"ix":2,"x":"var $bm_rt;\nvar n, n, t, t, v, amp, freq, decay;\n$bm_rt = n = 0;\nif (numKeys > 0) {\n    $bm_rt = n = nearestKey(time).index;\n    if (key(n).time > time) {\n        n--;\n    }\n}\nif (n == 0) {\n    $bm_rt = t = 0;\n} else {\n    $bm_rt = t = $bm_sub(time, key(n).time);\n}\nif (n > 0 && t < 1) {\n    v = velocityAtTime($bm_sub(key(n).time, $bm_div(thisComp.frameDuration, 10)));\n    amp = 3.05;\n    freq = 2;\n    decay = 2;\n    $bm_rt = $bm_sum(value, $bm_div($bm_mul($bm_mul(v, amp), Math.sin($bm_mul($bm_mul($bm_mul(freq, t), 2), Math.PI))), Math.exp($bm_mul(decay, t))));\n} else {\n    $bm_rt = value;\n}"},"a":{"a":0,"k":[-35.149,0,0],"ix":1},"s":{"a":1,"k":[{"i":{"x":[0.368,0.368,0.66],"y":[1,1,1]},"o":{"x":[0.268,0.268,0.333],"y":[0,0,0]},"t":14,"s":[0,0,100]},{"i":{"x":[0.667,0.667,0.667],"y":[1,1,1]},"o":{"x":[0.105,0.105,0.252],"y":[0,0,0]},"t":27,"s":[100,100,100]},{"t":91,"s":[100,100,100]}],"ix":6}},"ao":0,"shapes":[{"ty":"gr","it":[{"ind":0,"ty":"sh","ix":1,"ks":{"a":0,"k":{"i":[[-9.838,0],[0,-9.838],[9.838,0],[0,9.838]],"o":[[9.838,0],[0,9.838],[-9.838,0],[0,-9.838]],"v":[[-35.149,-17.825],[-17.325,0],[-35.149,17.825],[-52.974,0]],"c":true},"ix":2},"nm":"Path 1","mn":"ADBE Vector Shape - Group","hd":false},{"ty":"fl","c":{"a":0,"k":[0.917647063732,0.262745112181,0.207843139768,1],"ix":4},"o":{"a":0,"k":100,"ix":5},"r":1,"bm":0,"nm":"Fill 1","mn":"ADBE Vector Graphic - Fill","hd":false},{"ty":"tr","p":{"a":0,"k":[0,0],"ix":2},"a":{"a":0,"k":[0,0],"ix":1},"s":{"a":0,"k":[100,100],"ix":3},"r":{"a":0,"k":0,"ix":6},"o":{"a":0,"k":100,"ix":7},"sk":{"a":0,"k":0,"ix":4},"sa":{"a":0,"k":0,"ix":5},"nm":"Transform"}],"nm":"Group 1","np":2,"cix":2,"bm":0,"ix":1,"mn":"ADBE Vector Group","hd":false}],"ip":0,"op":100,"st":0,"bm":0},{"ddd":0,"ind":15,"ty":4,"nm":"Yellow","sr":1,"ks":{"o":{"a":0,"k":100,"ix":11},"r":{"a":0,"k":0,"ix":10},"p":{"a":1,"k":[{"i":{"x":0.667,"y":1},"o":{"x":0.907,"y":0},"t":9,"s":[291.15,228.344,0],"to":[0,0,0],"ti":[0,7.744,0]},{"t":42,"s":[291.15,256,0]}],"ix":2,"x":"var $bm_rt;\nvar n, n, t, t, v, amp, freq, decay;\n$bm_rt = n = 0;\nif (numKeys > 0) {\n    $bm_rt = n = nearestKey(time).index;\n    if (key(n).time > time) {\n        n--;\n    }\n}\nif (n == 0) {\n    $bm_rt = t = 0;\n} else {\n    $bm_rt = t = $bm_sub(time, key(n).time);\n}\nif (n > 0 && t < 1) {\n    v = velocityAtTime($bm_sub(key(n).time, $bm_div(thisComp.frameDuration, 10)));\n    amp = 3.05;\n    freq = 2;\n    decay = 2;\n    $bm_rt = $bm_sum(value, $bm_div($bm_mul($bm_mul(v, amp), Math.sin($bm_mul($bm_mul($bm_mul(freq, t), 2), Math.PI))), Math.exp($bm_mul(decay, t))));\n} else {\n    $bm_rt = value;\n}"},"a":{"a":0,"k":[35.15,0,0],"ix":1},"s":{"a":1,"k":[{"i":{"x":[0.368,0.368,0.66],"y":[1,1,1]},"o":{"x":[0.268,0.268,0.333],"y":[0,0,0]},"t":16,"s":[0,0,100]},{"i":{"x":[0.667,0.667,0.667],"y":[1,1,1]},"o":{"x":[0.105,0.105,0.252],"y":[0,0,0]},"t":31,"s":[100,100,100]},{"t":93,"s":[100,100,100]}],"ix":6}},"ao":0,"shapes":[{"ty":"gr","it":[{"ind":0,"ty":"sh","ix":1,"ks":{"a":0,"k":{"i":[[-9.838,0],[0,-9.838],[9.838,0],[0,9.838]],"o":[[9.838,0],[0,9.838],[-9.838,0],[0,-9.838]],"v":[[35.15,-17.825],[52.974,0],[35.15,17.825],[17.325,0]],"c":true},"ix":2},"nm":"Path 1","mn":"ADBE Vector Shape - Group","hd":false},{"ty":"fl","c":{"a":0,"k":[0.984313726425,0.737254917622,0.019607843831,1],"ix":4},"o":{"a":0,"k":100,"ix":5},"r":1,"bm":0,"nm":"Fill 1","mn":"ADBE Vector Graphic - Fill","hd":false},{"ty":"tr","p":{"a":0,"k":[0,0],"ix":2},"a":{"a":0,"k":[0,0],"ix":1},"s":{"a":0,"k":[100,100],"ix":3},"r":{"a":0,"k":0,"ix":6},"o":{"a":0,"k":100,"ix":7},"sk":{"a":0,"k":0,"ix":4},"sa":{"a":0,"k":0,"ix":5},"nm":"Transform"}],"nm":"Group 1","np":2,"cix":2,"bm":0,"ix":1,"mn":"ADBE Vector Group","hd":false}],"ip":0,"op":100,"st":0,"bm":0},{"ddd":0,"ind":16,"ty":4,"nm":"Green","sr":1,"ks":{"o":{"a":0,"k":100,"ix":11},"r":{"a":0,"k":0,"ix":10},"p":{"a":1,"k":[{"i":{"x":0.667,"y":1},"o":{"x":0.907,"y":0},"t":13,"s":[361.449,228.344,0],"to":[0,0,0],"ti":[0,7.744,0]},{"t":49,"s":[361.449,256,0]}],"ix":2,"x":"var $bm_rt;\nvar n, n, t, t, v, amp, freq, decay;\n$bm_rt = n = 0;\nif (numKeys > 0) {\n    $bm_rt = n = nearestKey(time).index;\n    if (key(n).time > time) {\n        n--;\n    }\n}\nif (n == 0) {\n    $bm_rt = t = 0;\n} else {\n    $bm_rt = t = $bm_sub(time, key(n).time);\n}\nif (n > 0 && t < 1) {\n    v = velocityAtTime($bm_sub(key(n).time, $bm_div(thisComp.frameDuration, 10)));\n    amp = 3.05;\n    freq = 2;\n    decay = 2;\n    $bm_rt = $bm_sum(value, $bm_div($bm_mul($bm_mul(v, amp), Math.sin($bm_mul($bm_mul($bm_mul(freq, t), 2), Math.PI))), Math.exp($bm_mul(decay, t))));\n} else {\n    $bm_rt = value;\n}"},"a":{"a":0,"k":[105.449,0,0],"ix":1},"s":{"a":1,"k":[{"i":{"x":[0.368,0.368,0.66],"y":[1,1,1]},"o":{"x":[0.268,0.268,0.333],"y":[0,0,0]},"t":19,"s":[0,0,100]},{"i":{"x":[0.667,0.667,0.667],"y":[1,1,1]},"o":{"x":[0.105,0.105,0.252],"y":[0,0,0]},"t":37,"s":[100,100,100]},{"t":96,"s":[100,100,100]}],"ix":6}},"ao":0,"shapes":[{"ty":"gr","it":[{"ind":0,"ty":"sh","ix":1,"ks":{"a":0,"k":{"i":[[-9.838,0],[0,-9.838],[9.838,0],[0,9.838]],"o":[[9.838,0],[0,9.838],[-9.838,0],[0,-9.838]],"v":[[105.449,-17.825],[123.273,0],[105.449,17.825],[87.624,0]],"c":true},"ix":2},"nm":"Path 1","mn":"ADBE Vector Shape - Group","hd":false},{"ty":"fl","c":{"a":0,"k":[0.203921571374,0.658823549747,0.32549020648,1],"ix":4},"o":{"a":0,"k":100,"ix":5},"r":1,"bm":0,"nm":"Fill 1","mn":"ADBE Vector Graphic - Fill","hd":false},{"ty":"tr","p":{"a":0,"k":[0,0],"ix":2},"a":{"a":0,"k":[0,0],"ix":1},"s":{"a":0,"k":[100,100],"ix":3},"r":{"a":0,"k":0,"ix":6},"o":{"a":0,"k":100,"ix":7},"sk":{"a":0,"k":0,"ix":4},"sa":{"a":0,"k":0,"ix":5},"nm":"Transform"}],"nm":"Group 1","np":2,"cix":2,"bm":0,"ix":1,"mn":"ADBE Vector Group","hd":false}],"ip":0,"op":100,"st":0,"bm":0}],"markers":[]}